This is XeTeX, Version 3.141592653-2.6-0.999996 (TeX Live 2024) (preloaded format=xelatex 2024.11.10)  4 DEC 2025 09:50
entering extended mode
 restricted \write18 enabled.
 %&-line parsing enabled.
**PortafolioDLPF_pdf.tex
(./PortafolioDLPF_pdf.tex
LaTeX2e <2023-11-01> patch level 1
L3 programming layer <2024-02-20>
(/usr/local/texlive/2024/texmf-dist/tex/latex/base/book.cls
Document Class: book 2023/05/17 v1.4n Standard LaTeX document class
(/usr/local/texlive/2024/texmf-dist/tex/latex/base/bk10.clo
File: bk10.clo 2023/05/17 v1.4n Standard LaTeX file (size option)
)
\c@part=\count184
\c@chapter=\count185
\c@section=\count186
\c@subsection=\count187
\c@subsubsection=\count188
\c@paragraph=\count189
\c@subparagraph=\count190
\c@figure=\count191
\c@table=\count192
\abovecaptionskip=\skip48
\belowcaptionskip=\skip49
\bibindent=\dimen140
) (/usr/local/texlive/2024/texmf-dist/tex/latex/xcolor/xcolor.sty
Package: xcolor 2023/11/15 v3.01 LaTeX color extensions (UK)
(/usr/local/texlive/2024/texmf-dist/tex/latex/graphics-cfg/color.cfg
File: color.cfg 2016/01/02 v1.6 sample color configuration
)
Package xcolor Info: Driver file: xetex.def on input line 274.
(/usr/local/texlive/2024/texmf-dist/tex/latex/graphics-def/xetex.def
File: xetex.def 2022/09/22 v5.0n Graphics/color driver for xetex
) (/usr/local/texlive/2024/texmf-dist/tex/latex/graphics/mathcolor.ltx)
Package xcolor Info: Model `cmy' substituted by `cmy0' on input line 1350.
Package xcolor Info: Model `RGB' extended on input line 1366.
Package xcolor Info: Model `HTML' substituted by `rgb' on input line 1368.
Package xcolor Info: Model `Hsb' substituted by `hsb' on input line 1369.
Package xcolor Info: Model `tHsb' substituted by `hsb' on input line 1370.
Package xcolor Info: Model `HSB' substituted by `hsb' on input line 1371.
Package xcolor Info: Model `Gray' substituted by `gray' on input line 1372.
Package xcolor Info: Model `wave' substituted by `hsb' on input line 1373.
) (/usr/local/texlive/2024/texmf-dist/tex/latex/amsmath/amsmath.sty
Package: amsmath 2023/05/13 v2.17o AMS math features
\@mathmargin=\skip50
For additional information on amsmath, use the `?' option.
(/usr/local/texlive/2024/texmf-dist/tex/latex/amsmath/amstext.sty
Package: amstext 2021/08/26 v2.01 AMS text
(/usr/local/texlive/2024/texmf-dist/tex/latex/amsmath/amsgen.sty
File: amsgen.sty 1999/11/30 v2.0 generic functions
\@emptytoks=\toks17
\ex@=\dimen141
)) (/usr/local/texlive/2024/texmf-dist/tex/latex/amsmath/amsbsy.sty
Package: amsbsy 1999/11/29 v1.2d Bold Symbols
\pmbraise@=\dimen142
) (/usr/local/texlive/2024/texmf-dist/tex/latex/amsmath/amsopn.sty
Package: amsopn 2022/04/08 v2.04 operator names
)
\inf@bad=\count193
LaTeX Info: Redefining \frac on input line 234.
\uproot@=\count194
\leftroot@=\count195
LaTeX Info: Redefining \overline on input line 399.
LaTeX Info: Redefining \colon on input line 410.
\classnum@=\count196
\DOTSCASE@=\count197
LaTeX Info: Redefining \ldots on input line 496.
LaTeX Info: Redefining \dots on input line 499.
LaTeX Info: Redefining \cdots on input line 620.
\Mathstrutbox@=\box51
\strutbox@=\box52
LaTeX Info: Redefining \big on input line 722.
LaTeX Info: Redefining \Big on input line 723.
LaTeX Info: Redefining \bigg on input line 724.
LaTeX Info: Redefining \Bigg on input line 725.
\big@size=\dimen143
LaTeX Font Info:    Redeclaring font encoding OML on input line 743.
LaTeX Font Info:    Redeclaring font encoding OMS on input line 744.
\macc@depth=\count198
LaTeX Info: Redefining \bmod on input line 905.
LaTeX Info: Redefining \pmod on input line 910.
LaTeX Info: Redefining \smash on input line 940.
LaTeX Info: Redefining \relbar on input line 970.
LaTeX Info: Redefining \Relbar on input line 971.
\c@MaxMatrixCols=\count199
\dotsspace@=\muskip16
\c@parentequation=\count266
\dspbrk@lvl=\count267
\tag@help=\toks18
\row@=\count268
\column@=\count269
\maxfields@=\count270
\andhelp@=\toks19
\eqnshift@=\dimen144
\alignsep@=\dimen145
\tagshift@=\dimen146
\tagwidth@=\dimen147
\totwidth@=\dimen148
\lineht@=\dimen149
\@envbody=\toks20
\multlinegap=\skip51
\multlinetaggap=\skip52
\mathdisplay@stack=\toks21
LaTeX Info: Redefining \[ on input line 2953.
LaTeX Info: Redefining \] on input line 2954.
) (/usr/local/texlive/2024/texmf-dist/tex/latex/amsfonts/amssymb.sty
Package: amssymb 2013/01/14 v3.01 AMS font symbols
(/usr/local/texlive/2024/texmf-dist/tex/latex/amsfonts/amsfonts.sty
Package: amsfonts 2013/01/14 v3.01 Basic AMSFonts support
\symAMSa=\mathgroup4
\symAMSb=\mathgroup5
LaTeX Font Info:    Redeclaring math symbol \hbar on input line 98.
LaTeX Font Info:    Overwriting math alphabet `\mathfrak' in version `bold'
(Font)                  U/euf/m/n --> U/euf/b/n on input line 106.
)) (/usr/local/texlive/2024/texmf-dist/tex/generic/iftex/iftex.sty
Package: iftex 2022/02/03 v1.0f TeX engine tests
) (/usr/local/texlive/2024/texmf-dist/tex/latex/unicode-math/unicode-math.sty (
/usr/local/texlive/2024/texmf-dist/tex/latex/l3kernel/expl3.sty
Package: expl3 2024-02-20 L3 programming layer (loader) 
(/usr/local/texlive/2024/texmf-dist/tex/latex/l3backend/l3backend-xetex.def
File: l3backend-xetex.def 2024-02-20 L3 backend support: XeTeX
\g__graphics_track_int=\count271
\l__pdf_internal_box=\box53
\g__pdf_backend_object_int=\count272
\g__pdf_backend_annotation_int=\count273
\g__pdf_backend_link_int=\count274
))
Package: unicode-math 2023/08/13 v0.8r Unicode maths in XeLaTeX and LuaLaTeX

(/usr/local/texlive/2024/texmf-dist/tex/latex/unicode-math/unicode-math-xetex.s
ty
Package: unicode-math-xetex 2023/08/13 v0.8r Unicode maths in XeLaTeX and LuaLa
TeX
(/usr/local/texlive/2024/texmf-dist/tex/latex/l3packages/xparse/xparse.sty
Package: xparse 2024-02-18 L3 Experimental document command parser
) (/usr/local/texlive/2024/texmf-dist/tex/latex/l3packages/l3keys2e/l3keys2e.st
y
Package: l3keys2e 2024-02-18 LaTeX2e option processing using LaTeX3 keys
) (/usr/local/texlive/2024/texmf-dist/tex/latex/fontspec/fontspec.sty
Package: fontspec 2024/02/13 v2.9a Font selection for XeLaTeX and LuaLaTeX
(/usr/local/texlive/2024/texmf-dist/tex/latex/fontspec/fontspec-xetex.sty
Package: fontspec-xetex 2024/02/13 v2.9a Font selection for XeLaTeX and LuaLaTe
X
\l__fontspec_script_int=\count275
\l__fontspec_language_int=\count276
\l__fontspec_strnum_int=\count277
\l__fontspec_tmp_int=\count278
\l__fontspec_tmpa_int=\count279
\l__fontspec_tmpb_int=\count280
\l__fontspec_tmpc_int=\count281
\l__fontspec_em_int=\count282
\l__fontspec_emdef_int=\count283
\l__fontspec_strong_int=\count284
\l__fontspec_strongdef_int=\count285
\l__fontspec_tmpa_dim=\dimen150
\l__fontspec_tmpb_dim=\dimen151
\l__fontspec_tmpc_dim=\dimen152
(/usr/local/texlive/2024/texmf-dist/tex/latex/base/fontenc.sty
Package: fontenc 2021/04/29 v2.0v Standard LaTeX package
) (/usr/local/texlive/2024/texmf-dist/tex/latex/fontspec/fontspec.cfg))) (/usr/
local/texlive/2024/texmf-dist/tex/latex/base/fix-cm.sty
Package: fix-cm 2020/11/24 v1.1t fixes to LaTeX
(/usr/local/texlive/2024/texmf-dist/tex/latex/base/ts1enc.def
File: ts1enc.def 2001/06/05 v3.0e (jk/car/fm) Standard LaTeX file
LaTeX Font Info:    Redeclaring font encoding TS1 on input line 47.
))
\g__um_fam_int=\count286
\g__um_fonts_used_int=\count287
\l__um_primecount_int=\count288
\g__um_primekern_muskip=\muskip17

(/usr/local/texlive/2024/texmf-dist/tex/latex/unicode-math/unicode-math-table.t
ex))) (/usr/local/texlive/2024/texmf-dist/tex/latex/lm/lmodern.sty
Package: lmodern 2015/05/01 v1.6.1 Latin Modern Fonts
LaTeX Font Info:    Overwriting symbol font `operators' in version `normal'
(Font)                  OT1/cmr/m/n --> OT1/lmr/m/n on input line 22.
LaTeX Font Info:    Overwriting symbol font `letters' in version `normal'
(Font)                  OML/cmm/m/it --> OML/lmm/m/it on input line 23.
LaTeX Font Info:    Overwriting symbol font `symbols' in version `normal'
(Font)                  OMS/cmsy/m/n --> OMS/lmsy/m/n on input line 24.
LaTeX Font Info:    Overwriting symbol font `largesymbols' in version `normal'
(Font)                  OMX/cmex/m/n --> OMX/lmex/m/n on input line 25.
LaTeX Font Info:    Overwriting symbol font `operators' in version `bold'
(Font)                  OT1/cmr/bx/n --> OT1/lmr/bx/n on input line 26.
LaTeX Font Info:    Overwriting symbol font `letters' in version `bold'
(Font)                  OML/cmm/b/it --> OML/lmm/b/it on input line 27.
LaTeX Font Info:    Overwriting symbol font `symbols' in version `bold'
(Font)                  OMS/cmsy/b/n --> OMS/lmsy/b/n on input line 28.
LaTeX Font Info:    Overwriting symbol font `largesymbols' in version `bold'
(Font)                  OMX/cmex/m/n --> OMX/lmex/m/n on input line 29.
LaTeX Font Info:    Overwriting math alphabet `\mathbf' in version `normal'
(Font)                  OT1/cmr/bx/n --> OT1/lmr/bx/n on input line 31.
LaTeX Font Info:    Overwriting math alphabet `\mathsf' in version `normal'
(Font)                  OT1/cmss/m/n --> OT1/lmss/m/n on input line 32.
LaTeX Font Info:    Overwriting math alphabet `\mathit' in version `normal'
(Font)                  OT1/cmr/m/it --> OT1/lmr/m/it on input line 33.
LaTeX Font Info:    Overwriting math alphabet `\mathtt' in version `normal'
(Font)                  OT1/cmtt/m/n --> OT1/lmtt/m/n on input line 34.
LaTeX Font Info:    Overwriting math alphabet `\mathbf' in version `bold'
(Font)                  OT1/cmr/bx/n --> OT1/lmr/bx/n on input line 35.
LaTeX Font Info:    Overwriting math alphabet `\mathsf' in version `bold'
(Font)                  OT1/cmss/bx/n --> OT1/lmss/bx/n on input line 36.
LaTeX Font Info:    Overwriting math alphabet `\mathit' in version `bold'
(Font)                  OT1/cmr/bx/it --> OT1/lmr/bx/it on input line 37.
LaTeX Font Info:    Overwriting math alphabet `\mathtt' in version `bold'
(Font)                  OT1/cmtt/m/n --> OT1/lmtt/m/n on input line 38.
) (/usr/local/texlive/2024/texmf-dist/tex/latex/upquote/upquote.sty
Package: upquote 2012/04/19 v1.3 upright-quote and grave-accent glyphs in verba
tim
(/usr/local/texlive/2024/texmf-dist/tex/latex/base/textcomp.sty
Package: textcomp 2020/02/02 v2.0n Standard LaTeX package
)) (/usr/local/texlive/2024/texmf-dist/tex/latex/microtype/microtype.sty
Package: microtype 2023/03/13 v3.1a Micro-typographical refinements (RS)
(/usr/local/texlive/2024/texmf-dist/tex/latex/graphics/keyval.sty
Package: keyval 2022/05/29 v1.15 key=value parser (DPC)
\KV@toks@=\toks22
) (/usr/local/texlive/2024/texmf-dist/tex/latex/etoolbox/etoolbox.sty
Package: etoolbox 2020/10/05 v2.5k e-TeX tools for LaTeX (JAW)
\etb@tempcnta=\count289
)
\MT@toks=\toks23
\MT@tempbox=\box54
\MT@count=\count290
LaTeX Info: Redefining \noprotrusionifhmode on input line 1059.
LaTeX Info: Redefining \leftprotrusion on input line 1060.
\MT@prot@toks=\toks24
LaTeX Info: Redefining \rightprotrusion on input line 1078.
LaTeX Info: Redefining \textls on input line 1368.
\MT@outer@kern=\dimen153
LaTeX Info: Redefining \textmicrotypecontext on input line 1988.
\MT@listname@count=\count291
(/usr/local/texlive/2024/texmf-dist/tex/latex/microtype/microtype-xetex.def
File: microtype-xetex.def 2023/03/13 v3.1a Definitions specific to xetex (RS)
LaTeX Info: Redefining \lsstyle on input line 238.
)
Package microtype Info: Loading configuration file microtype.cfg.
(/usr/local/texlive/2024/texmf-dist/tex/latex/microtype/microtype.cfg
File: microtype.cfg 2023/03/13 v3.1a microtype main configuration file (RS)
)) (/usr/local/texlive/2024/texmf-dist/tex/latex/parskip/parskip.sty
Package: parskip 2021-03-14 v2.0h non-zero parskip adjustments
(/usr/local/texlive/2024/texmf-dist/tex/latex/kvoptions/kvoptions.sty
Package: kvoptions 2022-06-15 v3.15 Key value format for package options (HO)
(/usr/local/texlive/2024/texmf-dist/tex/generic/ltxcmds/ltxcmds.sty
Package: ltxcmds 2023-12-04 v1.26 LaTeX kernel commands for general use (HO)
) (/usr/local/texlive/2024/texmf-dist/tex/latex/kvsetkeys/kvsetkeys.sty
Package: kvsetkeys 2022-10-05 v1.19 Key value parser (HO)
))) (/usr/local/texlive/2024/texmf-dist/tex/latex/fancyvrb/fancyvrb.sty
Package: fancyvrb 2024/01/20 4.5c verbatim text (tvz,hv)
\FV@CodeLineNo=\count292
\FV@InFile=\read2
\FV@TabBox=\box55
\c@FancyVerbLine=\count293
\FV@StepNumber=\count294
\FV@OutFile=\write3
) (/usr/local/texlive/2024/texmf-dist/tex/latex/framed/framed.sty
Package: framed 2011/10/22 v 0.96: framed or shaded text with page breaks
\OuterFrameSep=\skip53
\fb@frw=\dimen154
\fb@frh=\dimen155
\FrameRule=\dimen156
\FrameSep=\dimen157
) (/usr/local/texlive/2024/texmf-dist/tex/latex/graphics/graphicx.sty
Package: graphicx 2021/09/16 v1.2d Enhanced LaTeX Graphics (DPC,SPQR)
(/usr/local/texlive/2024/texmf-dist/tex/latex/graphics/graphics.sty
Package: graphics 2022/03/10 v1.4e Standard LaTeX Graphics (DPC,SPQR)
(/usr/local/texlive/2024/texmf-dist/tex/latex/graphics/trig.sty
Package: trig 2021/08/11 v1.11 sin cos tan (DPC)
) (/usr/local/texlive/2024/texmf-dist/tex/latex/graphics-cfg/graphics.cfg
File: graphics.cfg 2016/06/04 v1.11 sample graphics configuration
)
Package graphics Info: Driver file: xetex.def on input line 107.
)
\Gin@req@height=\dimen158
\Gin@req@width=\dimen159
)
\pandoc@box=\box56
(/usr/local/texlive/2024/texmf-dist/tex/generic/babel/babel.sty
Package: babel 2024/02/07 v24.2 The Babel package
\babel@savecnt=\count295
\U@D=\dimen160
\l@unhyphenated=\language89
(/usr/local/texlive/2024/texmf-dist/tex/generic/babel/xebabel.def)
\bbl@readstream=\read3
\bbl@dirlevel=\count296
(/usr/local/texlive/2024/texmf-dist/tex/generic/babel-spanish/spanish.ldf
Language: spanish.ldf 2021/05/27 v5.0q Spanish support from the babel system
\es@quottoks=\toks25
\es@quotdepth=\count297
Package babel Info: Making " an active character on input line 570.
Package babel Info: Making . an active character on input line 675.
Package babel Info: Making < an active character on input line 722.
Package babel Info: Making > an active character on input line 722.
))
(/usr/local/texlive/2024/texmf-dist/tex/generic/babel/locale/es/babel-spanish.t
ex
Package babel Info: Importing font and identification data for spanish
(babel)             from babel-es.ini. Reported on input line 11.
) (/usr/local/texlive/2024/texmf-dist/tex/latex/tools/multicol.sty
Package: multicol 2023/03/30 v1.9f multicolumn formatting (FMi)
\c@tracingmulticols=\count298
\mult@box=\box57
\multicol@leftmargin=\dimen161
\c@unbalance=\count299
\c@collectmore=\count300
\doublecol@number=\count301
\multicoltolerance=\count302
\multicolpretolerance=\count303
\full@width=\dimen162
\page@free=\dimen163
\premulticols=\dimen164
\postmulticols=\dimen165
\multicolsep=\skip54
\multicolbaselineskip=\skip55
\partial@page=\box58
\last@line=\box59
\mc@boxedresult=\box60
\maxbalancingoverflow=\dimen166
\mult@rightbox=\box61
\mult@grightbox=\box62
\mult@firstbox=\box63
\mult@gfirstbox=\box64
\@tempa=\box65
\@tempa=\box66
\@tempa=\box67
\@tempa=\box68
\@tempa=\box69
\@tempa=\box70
\@tempa=\box71
\@tempa=\box72
\@tempa=\box73
\@tempa=\box74
\@tempa=\box75
\@tempa=\box76
\@tempa=\box77
\@tempa=\box78
\@tempa=\box79
\@tempa=\box80
\@tempa=\box81
\@tempa=\box82
\@tempa=\box83
\@tempa=\box84
\@tempa=\box85
\@tempa=\box86
\@tempa=\box87
\@tempa=\box88
\@tempa=\box89
\@tempa=\box90
\@tempa=\box91
\@tempa=\box92
\@tempa=\box93
\@tempa=\box94
\@tempa=\box95
\@tempa=\box96
\@tempa=\box97
\@tempa=\box98
\@tempa=\box99
\@tempa=\box100
\c@minrows=\count304
\c@columnbadness=\count305
\c@finalcolumnbadness=\count306
\last@try=\dimen167
\multicolovershoot=\dimen168
\multicolundershoot=\dimen169
\mult@nat@firstbox=\box101
\colbreak@box=\box102
\mc@col@check@num=\count307
) (/usr/local/texlive/2024/texmf-dist/tex/latex/titlesec/titlesec.sty
Package: titlesec 2023/10/27 v2.16 Sectioning titles
\ttl@box=\box103
\beforetitleunit=\skip56
\aftertitleunit=\skip57
\ttl@plus=\dimen170
\ttl@minus=\dimen171
\ttl@toksa=\toks26
\titlewidth=\dimen172
\titlewidthlast=\dimen173
\titlewidthfirst=\dimen174
) (/usr/local/texlive/2024/texmf-dist/tex/latex/fancyhdr/fancyhdr.sty
Package: fancyhdr 2022/11/09 v4.1 Extensive control of page headers and footers

\f@nch@headwidth=\skip58
\f@nch@O@elh=\skip59
\f@nch@O@erh=\skip60
\f@nch@O@olh=\skip61
\f@nch@O@orh=\skip62
\f@nch@O@elf=\skip63
\f@nch@O@erf=\skip64
\f@nch@O@olf=\skip65
\f@nch@O@orf=\skip66
) (/usr/local/texlive/2024/texmf-dist/tex/latex/geometry/geometry.sty
Package: geometry 2020/01/02 v5.9 Page Geometry
(/usr/local/texlive/2024/texmf-dist/tex/generic/iftex/ifvtex.sty
Package: ifvtex 2019/10/25 v1.7 ifvtex legacy package. Use iftex instead.
)
\Gm@cnth=\count308
\Gm@cntv=\count309
\c@Gm@tempcnt=\count310
\Gm@bindingoffset=\dimen175
\Gm@wd@mp=\dimen176
\Gm@odd@mp=\dimen177
\Gm@even@mp=\dimen178
\Gm@layoutwidth=\dimen179
\Gm@layoutheight=\dimen180
\Gm@layouthoffset=\dimen181
\Gm@layoutvoffset=\dimen182
\Gm@dimlist=\toks27
) (/usr/local/texlive/2024/texmf-dist/tex/latex/bookmark/bookmark.sty
Package: bookmark 2023-12-10 v1.31 PDF bookmarks (HO)
(/usr/local/texlive/2024/texmf-dist/tex/latex/hyperref/hyperref.sty
Package: hyperref 2024-01-20 v7.01h Hypertext links for LaTeX
(/usr/local/texlive/2024/texmf-dist/tex/generic/kvdefinekeys/kvdefinekeys.sty
Package: kvdefinekeys 2019-12-19 v1.6 Define keys (HO)
) (/usr/local/texlive/2024/texmf-dist/tex/generic/pdfescape/pdfescape.sty
Package: pdfescape 2019/12/09 v1.15 Implements pdfTeX's escape features (HO)
(/usr/local/texlive/2024/texmf-dist/tex/generic/pdftexcmds/pdftexcmds.sty
Package: pdftexcmds 2020-06-27 v0.33 Utility functions of pdfTeX for LuaTeX (HO
)
(/usr/local/texlive/2024/texmf-dist/tex/generic/infwarerr/infwarerr.sty
Package: infwarerr 2019/12/03 v1.5 Providing info/warning/error messages (HO)
)
Package pdftexcmds Info: \pdf@primitive is available.
Package pdftexcmds Info: \pdf@ifprimitive is available.
Package pdftexcmds Info: \pdfdraftmode not found.
)) (/usr/local/texlive/2024/texmf-dist/tex/latex/hycolor/hycolor.sty
Package: hycolor 2020-01-27 v1.10 Color options for hyperref/bookmark (HO)
) (/usr/local/texlive/2024/texmf-dist/tex/latex/auxhook/auxhook.sty
Package: auxhook 2019-12-17 v1.6 Hooks for auxiliary files (HO)
) (/usr/local/texlive/2024/texmf-dist/tex/latex/hyperref/nameref.sty
Package: nameref 2023-11-26 v2.56 Cross-referencing by name of section
(/usr/local/texlive/2024/texmf-dist/tex/latex/refcount/refcount.sty
Package: refcount 2019/12/15 v3.6 Data extraction from label references (HO)
)
(/usr/local/texlive/2024/texmf-dist/tex/generic/gettitlestring/gettitlestring.s
ty
Package: gettitlestring 2019/12/15 v1.6 Cleanup title references (HO)
)
\c@section@level=\count311
)
\@linkdim=\dimen183
\Hy@linkcounter=\count312
\Hy@pagecounter=\count313
(/usr/local/texlive/2024/texmf-dist/tex/latex/hyperref/pd1enc.def
File: pd1enc.def 2024-01-20 v7.01h Hyperref: PDFDocEncoding definition (HO)
) (/usr/local/texlive/2024/texmf-dist/tex/generic/intcalc/intcalc.sty
Package: intcalc 2019/12/15 v1.3 Expandable calculations with integers (HO)
)
\Hy@SavedSpaceFactor=\count314
(/usr/local/texlive/2024/texmf-dist/tex/latex/hyperref/puenc.def
File: puenc.def 2024-01-20 v7.01h Hyperref: PDF Unicode definition (HO)
)
Package hyperref Info: Option `unicode' set `true' on input line 4062.
Package hyperref Info: Hyper figures OFF on input line 4179.
Package hyperref Info: Link nesting OFF on input line 4184.
Package hyperref Info: Hyper index ON on input line 4187.
Package hyperref Info: Plain pages OFF on input line 4194.
Package hyperref Info: Backreferencing OFF on input line 4199.
Package hyperref Info: Implicit mode ON; LaTeX internals redefined.
Package hyperref Info: Bookmarks ON on input line 4446.
\c@Hy@tempcnt=\count315
(/usr/local/texlive/2024/texmf-dist/tex/latex/url/url.sty
\Urlmuskip=\muskip18
Package: url 2013/09/16  ver 3.4  Verb mode for urls, etc.
)
LaTeX Info: Redefining \url on input line 4784.
\XeTeXLinkMargin=\dimen184
(/usr/local/texlive/2024/texmf-dist/tex/generic/bitset/bitset.sty
Package: bitset 2019/12/09 v1.3 Handle bit-vector datatype (HO)
(/usr/local/texlive/2024/texmf-dist/tex/generic/bigintcalc/bigintcalc.sty
Package: bigintcalc 2019/12/15 v1.5 Expandable calculations on big integers (HO
)
))
\Fld@menulength=\count316
\Field@Width=\dimen185
\Fld@charsize=\dimen186
Package hyperref Info: Hyper figures OFF on input line 6063.
Package hyperref Info: Link nesting OFF on input line 6068.
Package hyperref Info: Hyper index ON on input line 6071.
Package hyperref Info: backreferencing OFF on input line 6078.
Package hyperref Info: Link coloring OFF on input line 6083.
Package hyperref Info: Link coloring with OCG OFF on input line 6088.
Package hyperref Info: PDF/A mode OFF on input line 6093.
(/usr/local/texlive/2024/texmf-dist/tex/latex/base/atbegshi-ltx.sty
Package: atbegshi-ltx 2021/01/10 v1.0c Emulation of the original atbegshi
package with kernel methods
)
\Hy@abspage=\count317
\c@Item=\count318
\c@Hfootnote=\count319
)
Package hyperref Info: Driver (autodetected): hxetex.
(/usr/local/texlive/2024/texmf-dist/tex/latex/hyperref/hxetex.def
File: hxetex.def 2024-01-20 v7.01h Hyperref driver for XeTeX
(/usr/local/texlive/2024/texmf-dist/tex/generic/stringenc/stringenc.sty
Package: stringenc 2019/11/29 v1.12 Convert strings between diff. encodings (HO
)
)
\pdfm@box=\box104
\c@Hy@AnnotLevel=\count320
\HyField@AnnotCount=\count321
\Fld@listcount=\count322
\c@bookmark@seq@number=\count323

(/usr/local/texlive/2024/texmf-dist/tex/latex/rerunfilecheck/rerunfilecheck.sty
Package: rerunfilecheck 2022-07-10 v1.10 Rerun checks for auxiliary files (HO)
(/usr/local/texlive/2024/texmf-dist/tex/latex/base/atveryend-ltx.sty
Package: atveryend-ltx 2020/08/19 v1.0a Emulation of the original atveryend pac
kage
with kernel methods
)
(/usr/local/texlive/2024/texmf-dist/tex/generic/uniquecounter/uniquecounter.sty
Package: uniquecounter 2019/12/15 v1.4 Provide unlimited unique counter (HO)
)
Package uniquecounter Info: New unique counter `rerunfilecheck' on input line 2
85.
)
\Hy@SectionHShift=\skip67
) (/usr/local/texlive/2024/texmf-dist/tex/latex/bookmark/bkm-dvipdfm.def
File: bkm-dvipdfm.def 2023-12-10 v1.31 bookmark driver for dvipdfm (HO)
\BKM@id=\count324
)) (/usr/local/texlive/2024/texmf-dist/tex/latex/xurl/xurl.sty
Package: xurl 2022/01/09 v 0.10 modify URL breaks
)
No file PortafolioDLPF_pdf.aux.
\openout1 = `PortafolioDLPF_pdf.aux'.

LaTeX Font Info:    Checking defaults for OML/cmm/m/it on input line 120.
LaTeX Font Info:    ... okay on input line 120.
LaTeX Font Info:    Checking defaults for OMS/cmsy/m/n on input line 120.
LaTeX Font Info:    ... okay on input line 120.
LaTeX Font Info:    Checking defaults for OT1/cmr/m/n on input line 120.
LaTeX Font Info:    ... okay on input line 120.
LaTeX Font Info:    Checking defaults for T1/cmr/m/n on input line 120.
LaTeX Font Info:    ... okay on input line 120.
LaTeX Font Info:    Checking defaults for TS1/cmr/m/n on input line 120.
LaTeX Font Info:    ... okay on input line 120.
LaTeX Font Info:    Checking defaults for TU/lmr/m/n on input line 120.
LaTeX Font Info:    ... okay on input line 120.
LaTeX Font Info:    Checking defaults for OMX/cmex/m/n on input line 120.
LaTeX Font Info:    ... okay on input line 120.
LaTeX Font Info:    Checking defaults for U/cmr/m/n on input line 120.
LaTeX Font Info:    ... okay on input line 120.
LaTeX Font Info:    Checking defaults for PD1/pdf/m/n on input line 120.
LaTeX Font Info:    ... okay on input line 120.
LaTeX Font Info:    Checking defaults for PU/pdf/m/n on input line 120.
LaTeX Font Info:    ... okay on input line 120.
LaTeX Font Info:    Overwriting math alphabet `\mathrm' in version `normal'
(Font)                  OT1/lmr/m/n --> TU/lmr/m/n on input line 120.
LaTeX Font Info:    Overwriting math alphabet `\mathit' in version `normal'
(Font)                  OT1/lmr/m/it --> TU/lmr/m/it on input line 120.
LaTeX Font Info:    Overwriting math alphabet `\mathbf' in version `normal'
(Font)                  OT1/lmr/bx/n --> TU/lmr/bx/n on input line 120.
LaTeX Font Info:    Overwriting math alphabet `\mathsf' in version `normal'
(Font)                  OT1/lmss/m/n --> TU/lmss/m/n on input line 120.
LaTeX Font Info:    Overwriting math alphabet `\mathsf' in version `bold'
(Font)                  OT1/lmss/bx/n --> TU/lmss/bx/n on input line 120.
LaTeX Font Info:    Overwriting math alphabet `\mathtt' in version `normal'
(Font)                  OT1/lmtt/m/n --> TU/lmtt/m/n on input line 120.
LaTeX Font Info:    Overwriting math alphabet `\mathtt' in version `bold'
(Font)                  OT1/lmtt/m/n --> TU/lmtt/bx/n on input line 120.

Package fontspec Info: latinmodern-math scale = 0.9999964596882403.


Package fontspec Info: latinmodern-math scale = 0.9999964596882403.


Package fontspec Info: latinmodern-math scale = 0.9999964596882403.


Package fontspec Info: Font family 'latinmodern-math.otf(0)' created for font
(fontspec)             'latinmodern-math.otf' with options
(fontspec)             [Scale=MatchLowercase,BoldItalicFont={},ItalicFont={},Sm
allCapsFont={},Script=Math,BoldFont={latinmodern-math.otf}].
(fontspec)              
(fontspec)              This font family consists of the following NFSS
(fontspec)             series/shapes:
(fontspec)              
(fontspec)             - 'normal' (m/n) with NFSS spec.:
(fontspec)             <->s*[0.9999964596882403]"[latinmodern-math.otf]/OT:scri
pt=math;language=dflt;"
(fontspec)             - 'small caps'  (m/sc) with NFSS spec.: 
(fontspec)             - 'bold' (b/n) with NFSS spec.:
(fontspec)             <->s*[0.9999964596882403]"[latinmodern-math.otf]/OT:scri
pt=math;language=dflt;"
(fontspec)             - 'bold small caps'  (b/sc) with NFSS spec.: 

LaTeX Font Info:    Font shape `TU/latinmodern-math.otf(0)/m/n' will be
(Font)              scaled to size 10.0pt on input line 120.

Package fontspec Info: latinmodern-math scale = 0.9999964596882403.


Package fontspec Info: latinmodern-math scale = 0.9999964596882403.


Package fontspec Info: latinmodern-math scale = 0.9999964596882403.


Package fontspec Info: latinmodern-math scale = 0.9999964596882403.


Package fontspec Info: latinmodern-math scale = 0.9999964596882403.


Package fontspec Info: Font family 'latinmodern-math.otf(1)' created for font
(fontspec)             'latinmodern-math.otf' with options
(fontspec)             [Scale=MatchLowercase,BoldItalicFont={},ItalicFont={},Sm
allCapsFont={},Script=Math,SizeFeatures={{Size=8.5-},{Size=6-8.5,Font=latinmode
rn-math.otf,Style=MathScript},{Size=-6,Font=latinmodern-math.otf,Style=MathScri
ptScript}},BoldFont={latinmodern-math.otf}].
(fontspec)              
(fontspec)              This font family consists of the following NFSS
(fontspec)             series/shapes:
(fontspec)              
(fontspec)             - 'normal' (m/n) with NFSS spec.:
(fontspec)             <8.5->s*[0.9999964596882403]"[latinmodern-math.otf]/OT:s
cript=math;language=dflt;"<6-8.5>s*[0.9999964596882403]"[latinmodern-math.otf]/
OT:script=math;language=dflt;+ssty=0;"<-6>s*[0.9999964596882403]"[latinmodern-m
ath.otf]/OT:script=math;language=dflt;+ssty=1;"
(fontspec)             - 'small caps'  (m/sc) with NFSS spec.: 
(fontspec)             - 'bold' (b/n) with NFSS spec.:
(fontspec)             <->s*[0.9999964596882403]"[latinmodern-math.otf]/OT:scri
pt=math;language=dflt;"
(fontspec)             - 'bold small caps'  (b/sc) with NFSS spec.: 

LaTeX Font Info:    Font shape `TU/latinmodern-math.otf(1)/m/n' will be
(Font)              scaled to size 10.0pt on input line 120.
LaTeX Font Info:    Encoding `OT1' has changed to `TU' for symbol font
(Font)              `operators' in the math version `normal' on input line 120.

LaTeX Font Info:    Overwriting symbol font `operators' in version `normal'
(Font)                  OT1/lmr/m/n --> TU/latinmodern-math.otf(1)/m/n on input
 line 120.
LaTeX Font Info:    Encoding `OT1' has changed to `TU' for symbol font
(Font)              `operators' in the math version `bold' on input line 120.
LaTeX Font Info:    Overwriting symbol font `operators' in version `bold'
(Font)                  OT1/lmr/bx/n --> TU/latinmodern-math.otf(1)/b/n on inpu
t line 120.

Package fontspec Info: latinmodern-math scale = 0.9999964596882403.


Package fontspec Info: latinmodern-math scale = 1.000096459334209.


Package fontspec Info: latinmodern-math scale = 0.9999964596882403.


Package fontspec Info: latinmodern-math scale = 1.000096459334209.


Package fontspec Info: latinmodern-math scale = 0.9999964596882403.


Package fontspec Info: latinmodern-math scale = 1.000096459334209.


Package fontspec Info: latinmodern-math scale = 0.9999964596882403.


Package fontspec Info: latinmodern-math scale = 1.000096459334209.


Package fontspec Info: latinmodern-math scale = 0.9999964596882403.


Package fontspec Info: latinmodern-math scale = 1.000096459334209.


Package fontspec Info: Font family 'latinmodern-math.otf(2)' created for font
(fontspec)             'latinmodern-math.otf' with options
(fontspec)             [Scale=MatchLowercase,BoldItalicFont={},ItalicFont={},Sm
allCapsFont={},Script=Math,SizeFeatures={{Size=8.5-},{Size=6-8.5,Font=latinmode
rn-math.otf,Style=MathScript},{Size=-6,Font=latinmodern-math.otf,Style=MathScri
ptScript}},BoldFont={latinmodern-math.otf},ScaleAgain=1.0001,FontAdjustment={\f
ontdimen
(fontspec)             8\font =6.77pt\relax \fontdimen 9\font =3.94pt\relax
(fontspec)             \fontdimen 10\font =4.44pt\relax \fontdimen 11\font
(fontspec)             =6.86pt\relax \fontdimen 12\font =3.45pt\relax
(fontspec)             \fontdimen 13\font =3.63pt\relax \fontdimen 14\font
(fontspec)             =3.63pt\relax \fontdimen 15\font =2.89pt\relax
(fontspec)             \fontdimen 16\font =2.47pt\relax \fontdimen 17\font
(fontspec)             =2.47pt\relax \fontdimen 18\font =2.5pt\relax
(fontspec)             \fontdimen 19\font =2.0pt\relax \fontdimen 22\font
(fontspec)             =2.5pt\relax \fontdimen 20\font =0pt\relax \fontdimen
(fontspec)             21\font =0pt\relax }].
(fontspec)              
(fontspec)              This font family consists of the following NFSS
(fontspec)             series/shapes:
(fontspec)              
(fontspec)             - 'normal' (m/n) with NFSS spec.:
(fontspec)             <8.5->s*[1.000096459334209]"[latinmodern-math.otf]/OT:sc
ript=math;language=dflt;"<6-8.5>s*[1.000096459334209]"[latinmodern-math.otf]/OT
:script=math;language=dflt;+ssty=0;"<-6>s*[1.000096459334209]"[latinmodern-math
.otf]/OT:script=math;language=dflt;+ssty=1;"
(fontspec)             - 'small caps'  (m/sc) with NFSS spec.: 
(fontspec)             and font adjustment code:
(fontspec)             \fontdimen 8\font =6.77pt\relax \fontdimen 9\font
(fontspec)             =3.94pt\relax \fontdimen 10\font =4.44pt\relax
(fontspec)             \fontdimen 11\font =6.86pt\relax \fontdimen 12\font
(fontspec)             =3.45pt\relax \fontdimen 13\font =3.63pt\relax
(fontspec)             \fontdimen 14\font =3.63pt\relax \fontdimen 15\font
(fontspec)             =2.89pt\relax \fontdimen 16\font =2.47pt\relax
(fontspec)             \fontdimen 17\font =2.47pt\relax \fontdimen 18\font
(fontspec)             =2.5pt\relax \fontdimen 19\font =2.0pt\relax \fontdimen
(fontspec)             22\font =2.5pt\relax \fontdimen 20\font =0pt\relax
(fontspec)             \fontdimen 21\font =0pt\relax 
(fontspec)             - 'bold' (b/n) with NFSS spec.:
(fontspec)             <->s*[1.000096459334209]"[latinmodern-math.otf]/OT:scrip
t=math;language=dflt;"
(fontspec)             - 'bold small caps'  (b/sc) with NFSS spec.: 
(fontspec)             and font adjustment code:
(fontspec)             \fontdimen 8\font =6.77pt\relax \fontdimen 9\font
(fontspec)             =3.94pt\relax \fontdimen 10\font =4.44pt\relax
(fontspec)             \fontdimen 11\font =6.86pt\relax \fontdimen 12\font
(fontspec)             =3.45pt\relax \fontdimen 13\font =3.63pt\relax
(fontspec)             \fontdimen 14\font =3.63pt\relax \fontdimen 15\font
(fontspec)             =2.89pt\relax \fontdimen 16\font =2.47pt\relax
(fontspec)             \fontdimen 17\font =2.47pt\relax \fontdimen 18\font
(fontspec)             =2.5pt\relax \fontdimen 19\font =2.0pt\relax \fontdimen
(fontspec)             22\font =2.5pt\relax \fontdimen 20\font =0pt\relax
(fontspec)             \fontdimen 21\font =0pt\relax 

LaTeX Font Info:    Encoding `OMS' has changed to `TU' for symbol font
(Font)              `symbols' in the math version `normal' on input line 120.
LaTeX Font Info:    Overwriting symbol font `symbols' in version `normal'
(Font)                  OMS/lmsy/m/n --> TU/latinmodern-math.otf(2)/m/n on inpu
t line 120.
LaTeX Font Info:    Encoding `OMS' has changed to `TU' for symbol font
(Font)              `symbols' in the math version `bold' on input line 120.
LaTeX Font Info:    Overwriting symbol font `symbols' in version `bold'
(Font)                  OMS/lmsy/b/n --> TU/latinmodern-math.otf(2)/b/n on inpu
t line 120.

Package fontspec Info: latinmodern-math scale = 0.9999964596882403.


Package fontspec Info: latinmodern-math scale = 0.9998964600422715.


Package fontspec Info: latinmodern-math scale = 0.9999964596882403.


Package fontspec Info: latinmodern-math scale = 0.9998964600422715.


Package fontspec Info: latinmodern-math scale = 0.9999964596882403.


Package fontspec Info: latinmodern-math scale = 0.9998964600422715.


Package fontspec Info: latinmodern-math scale = 0.9999964596882403.


Package fontspec Info: latinmodern-math scale = 0.9998964600422715.


Package fontspec Info: latinmodern-math scale = 0.9999964596882403.


Package fontspec Info: latinmodern-math scale = 0.9998964600422715.


Package fontspec Info: Font family 'latinmodern-math.otf(3)' created for font
(fontspec)             'latinmodern-math.otf' with options
(fontspec)             [Scale=MatchLowercase,BoldItalicFont={},ItalicFont={},Sm
allCapsFont={},Script=Math,SizeFeatures={{Size=8.5-},{Size=6-8.5,Font=latinmode
rn-math.otf,Style=MathScript},{Size=-6,Font=latinmodern-math.otf,Style=MathScri
ptScript}},BoldFont={latinmodern-math.otf},ScaleAgain=0.9999,FontAdjustment={\f
ontdimen
(fontspec)             8\font =0.4pt\relax \fontdimen 9\font =2.0pt\relax
(fontspec)             \fontdimen 10\font =1.67pt\relax \fontdimen 11\font
(fontspec)             =1.11pt\relax \fontdimen 12\font =6.0pt\relax
(fontspec)             \fontdimen 13\font =0pt\relax }].
(fontspec)              
(fontspec)              This font family consists of the following NFSS
(fontspec)             series/shapes:
(fontspec)              
(fontspec)             - 'normal' (m/n) with NFSS spec.:
(fontspec)             <8.5->s*[0.9998964600422715]"[latinmodern-math.otf]/OT:s
cript=math;language=dflt;"<6-8.5>s*[0.9998964600422715]"[latinmodern-math.otf]/
OT:script=math;language=dflt;+ssty=0;"<-6>s*[0.9998964600422715]"[latinmodern-m
ath.otf]/OT:script=math;language=dflt;+ssty=1;"
(fontspec)             - 'small caps'  (m/sc) with NFSS spec.: 
(fontspec)             and font adjustment code:
(fontspec)             \fontdimen 8\font =0.4pt\relax \fontdimen 9\font
(fontspec)             =2.0pt\relax \fontdimen 10\font =1.67pt\relax
(fontspec)             \fontdimen 11\font =1.11pt\relax \fontdimen 12\font
(fontspec)             =6.0pt\relax \fontdimen 13\font =0pt\relax 
(fontspec)             - 'bold' (b/n) with NFSS spec.:
(fontspec)             <->s*[0.9998964600422715]"[latinmodern-math.otf]/OT:scri
pt=math;language=dflt;"
(fontspec)             - 'bold small caps'  (b/sc) with NFSS spec.: 
(fontspec)             and font adjustment code:
(fontspec)             \fontdimen 8\font =0.4pt\relax \fontdimen 9\font
(fontspec)             =2.0pt\relax \fontdimen 10\font =1.67pt\relax
(fontspec)             \fontdimen 11\font =1.11pt\relax \fontdimen 12\font
(fontspec)             =6.0pt\relax \fontdimen 13\font =0pt\relax 

LaTeX Font Info:    Encoding `OMX' has changed to `TU' for symbol font
(Font)              `largesymbols' in the math version `normal' on input line 1
20.
LaTeX Font Info:    Overwriting symbol font `largesymbols' in version `normal'
(Font)                  OMX/lmex/m/n --> TU/latinmodern-math.otf(3)/m/n on inpu
t line 120.
LaTeX Font Info:    Encoding `OMX' has changed to `TU' for symbol font
(Font)              `largesymbols' in the math version `bold' on input line 120
.
LaTeX Font Info:    Overwriting symbol font `largesymbols' in version `bold'
(Font)                  OMX/lmex/m/n --> TU/latinmodern-math.otf(3)/b/n on inpu
t line 120.
LaTeX Info: Redefining \microtypecontext on input line 120.
Package microtype Info: Applying patch `item' on input line 120.
Package microtype Info: Applying patch `toc' on input line 120.
Package microtype Info: Applying patch `eqnum' on input line 120.
Package microtype Info: Applying patch `footnote' on input line 120.
Package microtype Info: Applying patch `verbatim' on input line 120.
Package microtype Info: Character protrusion enabled (level 2).
Package microtype Info: Using protrusion set `basicmath'.
Package microtype Info: No adjustment of tracking.
Package microtype Info: No adjustment of spacing.
Package microtype Info: No adjustment of kerning.

(/usr/local/texlive/2024/texmf-dist/tex/latex/microtype/mt-LatinModernRoman.cfg
File: mt-LatinModernRoman.cfg 2021/02/21 v1.1 microtype config. file: Latin Mod
ern Roman (RS)
)
LaTeX Info: Redefining \. on input line 120.
LaTeX Info: Redefining \% on input line 120.
*geometry* driver: auto-detecting
*geometry* detected driver: xetex
*geometry* verbose mode - [ preamble ] result:
* driver: xetex
* paper: <default>
* layout: <same size as paper>
* layoutoffset:(h,v)=(0.0pt,0.0pt)
* modes: twoside 
* h-part:(L,W,R)=(56.9055pt, 500.484pt, 56.9055pt)
* v-part:(T,H,B)=(85.35826pt, 624.25346pt, 85.35826pt)
* \paperwidth=614.295pt
* \paperheight=794.96999pt
* \textwidth=500.484pt
* \textheight=624.25346pt
* \oddsidemargin=-15.36449pt
* \evensidemargin=-15.36449pt
* \topmargin=-16.97922pt
* \headheight=12.0pt
* \headsep=18.06749pt
* \topskip=10.0pt
* \footskip=25.29494pt
* \marginparwidth=125.0pt
* \marginparsep=7.0pt
* \columnsep=10.0pt
* \skip\footins=9.0pt plus 4.0pt minus 2.0pt
* \hoffset=0.0pt
* \voffset=0.0pt
* \mag=1000
* \@twocolumnfalse
* \@twosidetrue
* \@mparswitchtrue
* \@reversemarginfalse
* (1in=72.27pt=25.4mm, 1cm=28.453pt)

Package hyperref Info: Link coloring OFF on input line 120.

Package hyperref Warning: Rerun to get /PageLabels entry.

LaTeX Font Info:    Font shape `TU/latinmodern-math.otf(1)/m/n' will be
(Font)              scaled to size 12.0pt on input line 123.
LaTeX Font Info:    Font shape `TU/latinmodern-math.otf(1)/m/n' will be
(Font)              scaled to size 8.0pt on input line 123.
LaTeX Font Info:    Font shape `TU/latinmodern-math.otf(1)/m/n' will be
(Font)              scaled to size 6.0pt on input line 123.
LaTeX Font Info:    Trying to load font information for OML+lmm on input line 1
23.
(/usr/local/texlive/2024/texmf-dist/tex/latex/lm/omllmm.fd
File: omllmm.fd 2015/05/01 v1.6.1 Font defs for Latin Modern
)
LaTeX Font Info:    Font shape `TU/latinmodern-math.otf(2)/m/n' will be
(Font)              scaled to size 12.0011pt on input line 123.
LaTeX Font Info:    Font shape `TU/latinmodern-math.otf(2)/m/n' will be
(Font)              scaled to size 8.00073pt on input line 123.
LaTeX Font Info:    Font shape `TU/latinmodern-math.otf(2)/m/n' will be
(Font)              scaled to size 6.00055pt on input line 123.
LaTeX Font Info:    Font shape `TU/latinmodern-math.otf(3)/m/n' will be
(Font)              scaled to size 11.99872pt on input line 123.
LaTeX Font Info:    Font shape `TU/latinmodern-math.otf(3)/m/n' will be
(Font)              scaled to size 7.99915pt on input line 123.
LaTeX Font Info:    Font shape `TU/latinmodern-math.otf(3)/m/n' will be
(Font)              scaled to size 5.99936pt on input line 123.
LaTeX Font Info:    Trying to load font information for U+msa on input line 123
.
(/usr/local/texlive/2024/texmf-dist/tex/latex/amsfonts/umsa.fd
File: umsa.fd 2013/01/14 v3.01 AMS symbols A
) (/usr/local/texlive/2024/texmf-dist/tex/latex/microtype/mt-msa.cfg
File: mt-msa.cfg 2006/02/04 v1.1 microtype config. file: AMS symbols (a) (RS)
)
LaTeX Font Info:    Trying to load font information for U+msb on input line 123
.
(/usr/local/texlive/2024/texmf-dist/tex/latex/amsfonts/umsb.fd
File: umsb.fd 2013/01/14 v3.01 AMS symbols B
) (/usr/local/texlive/2024/texmf-dist/tex/latex/microtype/mt-msb.cfg
File: mt-msb.cfg 2005/06/01 v1.0 microtype config. file: AMS symbols (b) (RS)
) [1



] [2

]
No file PortafolioDLPF_pdf.toc.
\tf@toc=\write4
\openout4 = `PortafolioDLPF_pdf.toc'.

[3]
LaTeX Info: Redefining \. on input line 128.
LaTeX Info: Redefining \% on input line 128.
LaTeX Info: Redefining \. on input line 128.
LaTeX Info: Redefining \% on input line 128.

Package fancyhdr Warning: \headheight is too small (12.0pt): 
(fancyhdr)                Make it at least 12.69003pt, for example:
(fancyhdr)                \setlength{\headheight}{12.69003pt}.
(fancyhdr)                You might also make \topmargin smaller to compensate:

(fancyhdr)                \addtolength{\topmargin}{-0.69003pt}.

[4

]
Capítulo 1.
[1

]
LaTeX Info: Redefining \. on input line 131.
LaTeX Info: Redefining \% on input line 131.
[2

]
Capítulo 2.
File: Ejercicio71Base2_123.jpg Graphic file (type bmp)
<Ejercicio71Base2_123.jpg>

LaTeX Warning: Float too large for page by 0.22449pt on input line 144.

File: Ejercicio71Base2_45.jpg Graphic file (type bmp)
<Ejercicio71Base2_45.jpg>

LaTeX Warning: Float too large for page by 18.4419pt on input line 150.

LaTeX Font Info:    Font shape `TU/lmtt/bx/n' in size <10> not available
(Font)              Font shape `TU/lmtt/b/n' tried instead on input line 158.
LaTeX Font Info:    Font shape `TU/latinmodern-math.otf(1)/m/n' will be
(Font)              scaled to size 7.0pt on input line 163.
LaTeX Font Info:    Font shape `TU/latinmodern-math.otf(1)/m/n' will be
(Font)              scaled to size 5.0pt on input line 163.
LaTeX Font Info:    Font shape `TU/latinmodern-math.otf(2)/m/n' will be
(Font)              scaled to size 10.00092pt on input line 163.
LaTeX Font Info:    Font shape `TU/latinmodern-math.otf(2)/m/n' will be
(Font)              scaled to size 7.00064pt on input line 163.
LaTeX Font Info:    Font shape `TU/latinmodern-math.otf(2)/m/n' will be
(Font)              scaled to size 5.00046pt on input line 163.
LaTeX Font Info:    Font shape `TU/latinmodern-math.otf(3)/m/n' will be
(Font)              scaled to size 9.99893pt on input line 163.
LaTeX Font Info:    Font shape `TU/latinmodern-math.otf(3)/m/n' will be
(Font)              scaled to size 6.99925pt on input line 163.
LaTeX Font Info:    Font shape `TU/latinmodern-math.otf(3)/m/n' will be
(Font)              scaled to size 4.99947pt on input line 163.
[3]
LaTeX Info: Redefining \. on input line 191.
LaTeX Info: Redefining \% on input line 191.
LaTeX Info: Redefining \. on input line 191.
LaTeX Info: Redefining \% on input line 191.
[4]
LaTeX Info: Redefining \. on input line 191.
LaTeX Info: Redefining \% on input line 191.
LaTeX Info: Redefining \. on input line 191.
LaTeX Info: Redefining \% on input line 191.
[5]
LaTeX Info: Redefining \. on input line 265.
LaTeX Info: Redefining \% on input line 265.
LaTeX Info: Redefining \. on input line 265.
LaTeX Info: Redefining \% on input line 265.
[6]
LaTeX Info: Redefining \. on input line 348.
LaTeX Info: Redefining \% on input line 348.
LaTeX Info: Redefining \. on input line 348.
LaTeX Info: Redefining \% on input line 348.
[7]
Missing character: There is no π (U+03C0) in font [lmroman10-regular]:mapping=t
ex-text;!
LaTeX Info: Redefining \. on input line 438.
LaTeX Info: Redefining \% on input line 438.
LaTeX Info: Redefining \. on input line 438.
LaTeX Info: Redefining \% on input line 438.
[8]
File: Ejercicio72Base2_ab.jpg Graphic file (type bmp)
<Ejercicio72Base2_ab.jpg>

LaTeX Warning: Float too large for page by 15.84073pt on input line 495.

File: Ejercicio72Base2_c.jpg Graphic file (type bmp)
<Ejercicio72Base2_c.jpg>

LaTeX Warning: Float too large for page by 24.06339pt on input line 501.

File: Ejercicio72Base2_d.jpg Graphic file (type bmp)
<Ejercicio72Base2_d.jpg>
File: Ejercicio72Base2_e.jpg Graphic file (type bmp)
<Ejercicio72Base2_e.jpg>

LaTeX Warning: Float too large for page by 24.05194pt on input line 513.

LaTeX Info: Redefining \. on input line 541.
LaTeX Info: Redefining \% on input line 541.
LaTeX Info: Redefining \. on input line 541.
LaTeX Info: Redefining \% on input line 541.
[9]
LaTeX Info: Redefining \. on input line 541.
LaTeX Info: Redefining \% on input line 541.
LaTeX Info: Redefining \. on input line 541.
LaTeX Info: Redefining \% on input line 541.
[10]
LaTeX Info: Redefining \. on input line 541.
LaTeX Info: Redefining \% on input line 541.
LaTeX Info: Redefining \. on input line 541.
LaTeX Info: Redefining \% on input line 541.
[11]
LaTeX Info: Redefining \. on input line 541.
LaTeX Info: Redefining \% on input line 541.
LaTeX Info: Redefining \. on input line 541.
LaTeX Info: Redefining \% on input line 541.
[12]
LaTeX Info: Redefining \. on input line 541.
LaTeX Info: Redefining \% on input line 541.
LaTeX Info: Redefining \. on input line 541.
LaTeX Info: Redefining \% on input line 541.
[13]
LaTeX Info: Redefining \. on input line 622.
LaTeX Info: Redefining \% on input line 622.
LaTeX Info: Redefining \. on input line 622.
LaTeX Info: Redefining \% on input line 622.
[14]
LaTeX Info: Redefining \. on input line 717.
LaTeX Info: Redefining \% on input line 717.
LaTeX Info: Redefining \. on input line 717.
LaTeX Info: Redefining \% on input line 717.
[15]
Overfull \hbox (465.516pt too wide) in paragraph at lines 770--770
[]\TU/lmtt/m/n/10 Incertidumbres en los datos de entrada: Ninguna magnitud físi
ca puede medirse con exactitud absoluta debido a las limitaciones de los instru
mentos o a la naturaleza misma del fenómeno.[] 
 []


Overfull \hbox (549.516pt too wide) in paragraph at lines 770--770
[]\TU/lmtt/m/n/10 Equivocaciones: Errores humanos groseros, como una lectura in
correcta de un instrumento, una mala transcripción de datos o un descuido en el
 procedimiento, a menudo referidos como "ceguera de taller".[] 
 []


Overfull \hbox (722.766pt too wide) in paragraph at lines 770--770
[]\TU/lmtt/m/n/10 Simplificaciones del modelo matemático: Las suposiciones y si
mplificaciones que se realizan para modelar un fenómeno físico introducen inevi
tablemente una discrepancia con la realidad. Estos errores no pueden eliminarse
 por completo.[] 
 []


Overfull \hbox (2313.516pt too wide) in paragraph at lines 787--787
[]\TU/lmtt/m/n/10 Error de Redondeo: Se produce debido a que las computadoras t
ienen una precisión finita y deben representar los números reales con un conjun
to limitado de bits (formato de punto flotante). Cuando un número no puede alma
cenarse con exactitud, debe ser redondeado. A diferencia del truncamiento, el r
edondeo afecta la última cifra significativa retenida. Existe un equilibrio cru
cial entre ambos: aumentar la precisión para reducir el redondeo puede incremen
tar el costo computacional y, en algunos casos, la propagación de otros errores
.[] 
 []

LaTeX Info: Redefining \. on input line 799.
LaTeX Info: Redefining \% on input line 799.
LaTeX Info: Redefining \. on input line 799.
LaTeX Info: Redefining \% on input line 799.
[16]
Overfull \hbox (612.516pt too wide) in paragraph at lines 842--842
[]\TU/lmtt/m/n/10 Estabilidad: Un método es estable si los pequeños errores ini
ciales (como los de redondeo) no se amplifican descontroladamente durante los s
ucesivos cálculos, evitando que la solución se desvíe catastróficamente.[] 
 []


Overfull \hbox (906.516pt too wide) in paragraph at lines 842--842
[]\TU/lmtt/m/n/10 Robustez: Un método robusto combina la convergencia y la esta
bilidad, siendo capaz de proporcionar resultados confiables incluso ante una am
plia gama de condiciones iniciales o problemas mal condicionados, sin ser exces
ivamente sensible a las perturbaciones numéricas.[] 
 []

File: Ejercicio73Gauss6.jpg Graphic file (type bmp)
<Ejercicio73Gauss6.jpg>
File: Ejercicio73Gauss7.jpg Graphic file (type bmp)
<Ejercicio73Gauss7.jpg>
File: Ejercicio73Gauss7_2.jpg Graphic file (type bmp)
<Ejercicio73Gauss7_2.jpg>
File: Ejercicio73Gauss7_3.jpg Graphic file (type bmp)
<Ejercicio73Gauss7_3.jpg>
LaTeX Info: Redefining \. on input line 907.
LaTeX Info: Redefining \% on input line 907.
LaTeX Info: Redefining \. on input line 907.
LaTeX Info: Redefining \% on input line 907.
[17]
LaTeX Info: Redefining \. on input line 907.
LaTeX Info: Redefining \% on input line 907.
LaTeX Info: Redefining \. on input line 907.
LaTeX Info: Redefining \% on input line 907.
[18]
LaTeX Info: Redefining \. on input line 907.
LaTeX Info: Redefining \% on input line 907.
LaTeX Info: Redefining \. on input line 907.
LaTeX Info: Redefining \% on input line 907.
[19]
LaTeX Info: Redefining \. on input line 907.
LaTeX Info: Redefining \% on input line 907.
LaTeX Info: Redefining \. on input line 907.
LaTeX Info: Redefining \% on input line 907.
[20]
LaTeX Info: Redefining \. on input line 957.
LaTeX Info: Redefining \% on input line 957.
LaTeX Info: Redefining \. on input line 957.
LaTeX Info: Redefining \% on input line 957.
[21]
LaTeX Info: Redefining \. on input line 1070.
LaTeX Info: Redefining \% on input line 1070.
LaTeX Info: Redefining \. on input line 1070.
LaTeX Info: Redefining \% on input line 1070.
[22]
LaTeX Info: Redefining \. on input line 1205.
LaTeX Info: Redefining \% on input line 1205.
LaTeX Info: Redefining \. on input line 1205.
LaTeX Info: Redefining \% on input line 1205.
[23]
LaTeX Info: Redefining \. on input line 1320.
LaTeX Info: Redefining \% on input line 1320.
LaTeX Info: Redefining \. on input line 1320.
LaTeX Info: Redefining \% on input line 1320.
[24]
LaTeX Info: Redefining \. on input line 1425.
LaTeX Info: Redefining \% on input line 1425.
LaTeX Info: Redefining \. on input line 1425.
LaTeX Info: Redefining \% on input line 1425.
[25]
LaTeX Info: Redefining \. on input line 1558.
LaTeX Info: Redefining \% on input line 1558.
LaTeX Info: Redefining \. on input line 1558.
LaTeX Info: Redefining \% on input line 1558.
[26]
LaTeX Info: Redefining \. on input line 1678.
LaTeX Info: Redefining \% on input line 1678.
LaTeX Info: Redefining \. on input line 1678.
LaTeX Info: Redefining \% on input line 1678.
[27]
LaTeX Info: Redefining \. on input line 1805.
LaTeX Info: Redefining \% on input line 1805.
LaTeX Info: Redefining \. on input line 1805.
LaTeX Info: Redefining \% on input line 1805.
[28]
LaTeX Info: Redefining \. on input line 1910.
LaTeX Info: Redefining \% on input line 1910.
LaTeX Info: Redefining \. on input line 1910.
LaTeX Info: Redefining \% on input line 1910.
[29]
LaTeX Info: Redefining \. on input line 2024.
LaTeX Info: Redefining \% on input line 2024.
LaTeX Info: Redefining \. on input line 2024.
LaTeX Info: Redefining \% on input line 2024.
[30]
LaTeX Info: Redefining \. on input line 2167.
LaTeX Info: Redefining \% on input line 2167.
LaTeX Info: Redefining \. on input line 2167.
LaTeX Info: Redefining \% on input line 2167.
[31]
LaTeX Info: Redefining \. on input line 2269.
LaTeX Info: Redefining \% on input line 2269.
LaTeX Info: Redefining \. on input line 2269.
LaTeX Info: Redefining \% on input line 2269.
[32]
LaTeX Info: Redefining \. on input line 2391.
LaTeX Info: Redefining \% on input line 2391.
LaTeX Info: Redefining \. on input line 2391.
LaTeX Info: Redefining \% on input line 2391.
[33]
LaTeX Info: Redefining \. on input line 2503.
LaTeX Info: Redefining \% on input line 2503.
LaTeX Info: Redefining \. on input line 2503.
LaTeX Info: Redefining \% on input line 2503.
[34]
LaTeX Info: Redefining \. on input line 2616.
LaTeX Info: Redefining \% on input line 2616.
LaTeX Info: Redefining \. on input line 2616.
LaTeX Info: Redefining \% on input line 2616.
[35]
LaTeX Info: Redefining \. on input line 2754.
LaTeX Info: Redefining \% on input line 2754.
LaTeX Info: Redefining \. on input line 2754.
LaTeX Info: Redefining \% on input line 2754.
[36]
LaTeX Info: Redefining \. on input line 2856.
LaTeX Info: Redefining \% on input line 2856.
LaTeX Info: Redefining \. on input line 2856.
LaTeX Info: Redefining \% on input line 2856.
[37]
LaTeX Info: Redefining \. on input line 2968.
LaTeX Info: Redefining \% on input line 2968.
LaTeX Info: Redefining \. on input line 2968.
LaTeX Info: Redefining \% on input line 2968.
[38]
LaTeX Info: Redefining \. on input line 3080.
LaTeX Info: Redefining \% on input line 3080.
LaTeX Info: Redefining \. on input line 3080.
LaTeX Info: Redefining \% on input line 3080.
[39]
LaTeX Info: Redefining \. on input line 3237.
LaTeX Info: Redefining \% on input line 3237.
LaTeX Info: Redefining \. on input line 3237.
LaTeX Info: Redefining \% on input line 3237.
[40]
LaTeX Info: Redefining \. on input line 3335.
LaTeX Info: Redefining \% on input line 3335.
LaTeX Info: Redefining \. on input line 3335.
LaTeX Info: Redefining \% on input line 3335.
[41]
LaTeX Info: Redefining \. on input line 3440.
LaTeX Info: Redefining \% on input line 3440.
LaTeX Info: Redefining \. on input line 3440.
LaTeX Info: Redefining \% on input line 3440.
[42]
LaTeX Info: Redefining \. on input line 3566.
LaTeX Info: Redefining \% on input line 3566.
LaTeX Info: Redefining \. on input line 3566.
LaTeX Info: Redefining \% on input line 3566.
[43]
LaTeX Info: Redefining \. on input line 3699.
LaTeX Info: Redefining \% on input line 3699.
LaTeX Info: Redefining \. on input line 3699.
LaTeX Info: Redefining \% on input line 3699.
[44]
LaTeX Info: Redefining \. on input line 3805.
LaTeX Info: Redefining \% on input line 3805.
LaTeX Info: Redefining \. on input line 3805.
LaTeX Info: Redefining \% on input line 3805.
[45]
LaTeX Info: Redefining \. on input line 3939.
LaTeX Info: Redefining \% on input line 3939.
LaTeX Info: Redefining \. on input line 3939.
LaTeX Info: Redefining \% on input line 3939.
[46]
LaTeX Info: Redefining \. on input line 4028.
LaTeX Info: Redefining \% on input line 4028.
LaTeX Info: Redefining \. on input line 4028.
LaTeX Info: Redefining \% on input line 4028.
[47]
LaTeX Info: Redefining \. on input line 4143.
LaTeX Info: Redefining \% on input line 4143.
LaTeX Info: Redefining \. on input line 4143.
LaTeX Info: Redefining \% on input line 4143.
[48]
LaTeX Info: Redefining \. on input line 4248.
LaTeX Info: Redefining \% on input line 4248.
LaTeX Info: Redefining \. on input line 4248.
LaTeX Info: Redefining \% on input line 4248.
[49]
LaTeX Info: Redefining \. on input line 4393.
LaTeX Info: Redefining \% on input line 4393.
LaTeX Info: Redefining \. on input line 4393.
LaTeX Info: Redefining \% on input line 4393.
[50]
File: Ejercicio74Pivote2.jpg Graphic file (type bmp)
<Ejercicio74Pivote2.jpg>
File: Ejercicio74Pivote2_2.jpg Graphic file (type bmp)
<Ejercicio74Pivote2_2.jpg>
File: Ejercicio74Pivote4.jpg Graphic file (type bmp)
<Ejercicio74Pivote4.jpg>
File: Ejercicio74Pivote4_2.jpg Graphic file (type bmp)
<Ejercicio74Pivote4_2.jpg>
File: Ejercicio74Pivote4_3.jpg Graphic file (type bmp)
<Ejercicio74Pivote4_3.jpg>
LaTeX Info: Redefining \. on input line 4478.
LaTeX Info: Redefining \% on input line 4478.
LaTeX Info: Redefining \. on input line 4478.
LaTeX Info: Redefining \% on input line 4478.
[51]
LaTeX Info: Redefining \. on input line 4478.
LaTeX Info: Redefining \% on input line 4478.
LaTeX Info: Redefining \. on input line 4478.
LaTeX Info: Redefining \% on input line 4478.
[52]
LaTeX Info: Redefining \. on input line 4478.
LaTeX Info: Redefining \% on input line 4478.
LaTeX Info: Redefining \. on input line 4478.
LaTeX Info: Redefining \% on input line 4478.
[53]
LaTeX Info: Redefining \. on input line 4478.
LaTeX Info: Redefining \% on input line 4478.
LaTeX Info: Redefining \. on input line 4478.
LaTeX Info: Redefining \% on input line 4478.
[54]
LaTeX Info: Redefining \. on input line 4478.
LaTeX Info: Redefining \% on input line 4478.
LaTeX Info: Redefining \. on input line 4478.
LaTeX Info: Redefining \% on input line 4478.
[55]
LaTeX Info: Redefining \. on input line 4554.
LaTeX Info: Redefining \% on input line 4554.
LaTeX Info: Redefining \. on input line 4554.
LaTeX Info: Redefining \% on input line 4554.
[56]
LaTeX Info: Redefining \. on input line 4639.
LaTeX Info: Redefining \% on input line 4639.
LaTeX Info: Redefining \. on input line 4639.
LaTeX Info: Redefining \% on input line 4639.
[57]
LaTeX Info: Redefining \. on input line 4765.
LaTeX Info: Redefining \% on input line 4765.
LaTeX Info: Redefining \. on input line 4765.
LaTeX Info: Redefining \% on input line 4765.
[58]
LaTeX Info: Redefining \. on input line 4858.
LaTeX Info: Redefining \% on input line 4858.
LaTeX Info: Redefining \. on input line 4858.
LaTeX Info: Redefining \% on input line 4858.
[59]
LaTeX Info: Redefining \. on input line 4948.
LaTeX Info: Redefining \% on input line 4948.
LaTeX Info: Redefining \. on input line 4948.
LaTeX Info: Redefining \% on input line 4948.
[60]
LaTeX Info: Redefining \. on input line 5062.
LaTeX Info: Redefining \% on input line 5062.
LaTeX Info: Redefining \. on input line 5062.
LaTeX Info: Redefining \% on input line 5062.
[61]
LaTeX Info: Redefining \. on input line 5159.
LaTeX Info: Redefining \% on input line 5159.
LaTeX Info: Redefining \. on input line 5159.
LaTeX Info: Redefining \% on input line 5159.
[62]
LaTeX Info: Redefining \. on input line 5262.
LaTeX Info: Redefining \% on input line 5262.
LaTeX Info: Redefining \. on input line 5262.
LaTeX Info: Redefining \% on input line 5262.
[63]
LaTeX Info: Redefining \. on input line 5369.
LaTeX Info: Redefining \% on input line 5369.
LaTeX Info: Redefining \. on input line 5369.
LaTeX Info: Redefining \% on input line 5369.
[64]
LaTeX Info: Redefining \. on input line 5435.
LaTeX Info: Redefining \% on input line 5435.
LaTeX Info: Redefining \. on input line 5435.
LaTeX Info: Redefining \% on input line 5435.
[65]
LaTeX Info: Redefining \. on input line 5515.
LaTeX Info: Redefining \% on input line 5515.
LaTeX Info: Redefining \. on input line 5515.
LaTeX Info: Redefining \% on input line 5515.
[66]
LaTeX Info: Redefining \. on input line 5597.
LaTeX Info: Redefining \% on input line 5597.
LaTeX Info: Redefining \. on input line 5597.
LaTeX Info: Redefining \% on input line 5597.
[67]
LaTeX Info: Redefining \. on input line 5726.
LaTeX Info: Redefining \% on input line 5726.
LaTeX Info: Redefining \. on input line 5726.
LaTeX Info: Redefining \% on input line 5726.
[68]
LaTeX Info: Redefining \. on input line 5839.
LaTeX Info: Redefining \% on input line 5839.
LaTeX Info: Redefining \. on input line 5839.
LaTeX Info: Redefining \% on input line 5839.
[69]
LaTeX Info: Redefining \. on input line 5936.
LaTeX Info: Redefining \% on input line 5936.
LaTeX Info: Redefining \. on input line 5936.
LaTeX Info: Redefining \% on input line 5936.
[70]
LaTeX Info: Redefining \. on input line 6033.
LaTeX Info: Redefining \% on input line 6033.
LaTeX Info: Redefining \. on input line 6033.
LaTeX Info: Redefining \% on input line 6033.
[71]
LaTeX Info: Redefining \. on input line 6097.
LaTeX Info: Redefining \% on input line 6097.
LaTeX Info: Redefining \. on input line 6097.
LaTeX Info: Redefining \% on input line 6097.
[72]
LaTeX Info: Redefining \. on input line 6173.
LaTeX Info: Redefining \% on input line 6173.
LaTeX Info: Redefining \. on input line 6173.
LaTeX Info: Redefining \% on input line 6173.
[73]
LaTeX Info: Redefining \. on input line 6247.
LaTeX Info: Redefining \% on input line 6247.
LaTeX Info: Redefining \. on input line 6247.
LaTeX Info: Redefining \% on input line 6247.
[74]
LaTeX Info: Redefining \. on input line 6332.
LaTeX Info: Redefining \% on input line 6332.
LaTeX Info: Redefining \. on input line 6332.
LaTeX Info: Redefining \% on input line 6332.
[75]
LaTeX Info: Redefining \. on input line 6406.
LaTeX Info: Redefining \% on input line 6406.
LaTeX Info: Redefining \. on input line 6406.
LaTeX Info: Redefining \% on input line 6406.
[76]
LaTeX Info: Redefining \. on input line 6484.
LaTeX Info: Redefining \% on input line 6484.
LaTeX Info: Redefining \. on input line 6484.
LaTeX Info: Redefining \% on input line 6484.
[77]
LaTeX Info: Redefining \. on input line 6628.
LaTeX Info: Redefining \% on input line 6628.
LaTeX Info: Redefining \. on input line 6628.
LaTeX Info: Redefining \% on input line 6628.
[78]
LaTeX Info: Redefining \. on input line 6730.
LaTeX Info: Redefining \% on input line 6730.
LaTeX Info: Redefining \. on input line 6730.
LaTeX Info: Redefining \% on input line 6730.
[79]
LaTeX Info: Redefining \. on input line 6808.
LaTeX Info: Redefining \% on input line 6808.
LaTeX Info: Redefining \. on input line 6808.
LaTeX Info: Redefining \% on input line 6808.
[80]
LaTeX Info: Redefining \. on input line 6894.
LaTeX Info: Redefining \% on input line 6894.
LaTeX Info: Redefining \. on input line 6894.
LaTeX Info: Redefining \% on input line 6894.
[81]
LaTeX Info: Redefining \. on input line 7030.
LaTeX Info: Redefining \% on input line 7030.
LaTeX Info: Redefining \. on input line 7030.
LaTeX Info: Redefining \% on input line 7030.
[82]
LaTeX Info: Redefining \. on input line 7093.
LaTeX Info: Redefining \% on input line 7093.
LaTeX Info: Redefining \. on input line 7093.
LaTeX Info: Redefining \% on input line 7093.
[83]
LaTeX Info: Redefining \. on input line 7177.
LaTeX Info: Redefining \% on input line 7177.
LaTeX Info: Redefining \. on input line 7177.
LaTeX Info: Redefining \% on input line 7177.
[84]
LaTeX Info: Redefining \. on input line 7256.
LaTeX Info: Redefining \% on input line 7256.
LaTeX Info: Redefining \. on input line 7256.
LaTeX Info: Redefining \% on input line 7256.
[85]
LaTeX Info: Redefining \. on input line 7336.
LaTeX Info: Redefining \% on input line 7336.
LaTeX Info: Redefining \. on input line 7336.
LaTeX Info: Redefining \% on input line 7336.
[86]
LaTeX Info: Redefining \. on input line 7484.
LaTeX Info: Redefining \% on input line 7484.
LaTeX Info: Redefining \. on input line 7484.
LaTeX Info: Redefining \% on input line 7484.
[87]
LaTeX Info: Redefining \. on input line 7579.
LaTeX Info: Redefining \% on input line 7579.
LaTeX Info: Redefining \. on input line 7579.
LaTeX Info: Redefining \% on input line 7579.
[88]
LaTeX Info: Redefining \. on input line 7635.
LaTeX Info: Redefining \% on input line 7635.
LaTeX Info: Redefining \. on input line 7635.
LaTeX Info: Redefining \% on input line 7635.
[89]
LaTeX Info: Redefining \. on input line 7713.
LaTeX Info: Redefining \% on input line 7713.
LaTeX Info: Redefining \. on input line 7713.
LaTeX Info: Redefining \% on input line 7713.
[90]
LaTeX Info: Redefining \. on input line 7781.
LaTeX Info: Redefining \% on input line 7781.
LaTeX Info: Redefining \. on input line 7781.
LaTeX Info: Redefining \% on input line 7781.
[91]
LaTeX Info: Redefining \. on input line 7862.
LaTeX Info: Redefining \% on input line 7862.
LaTeX Info: Redefining \. on input line 7862.
LaTeX Info: Redefining \% on input line 7862.
[92]
LaTeX Info: Redefining \. on input line 7985.
LaTeX Info: Redefining \% on input line 7985.
LaTeX Info: Redefining \. on input line 7985.
LaTeX Info: Redefining \% on input line 7985.
[93]
LaTeX Info: Redefining \. on input line 8128.
LaTeX Info: Redefining \% on input line 8128.
LaTeX Info: Redefining \. on input line 8128.
LaTeX Info: Redefining \% on input line 8128.
[94]
LaTeX Info: Redefining \. on input line 8202.
LaTeX Info: Redefining \% on input line 8202.
LaTeX Info: Redefining \. on input line 8202.
LaTeX Info: Redefining \% on input line 8202.
[95]
LaTeX Info: Redefining \. on input line 8283.
LaTeX Info: Redefining \% on input line 8283.
LaTeX Info: Redefining \. on input line 8283.
LaTeX Info: Redefining \% on input line 8283.
[96]
File: Ejercicio75Jordan5.jpg Graphic file (type bmp)
<Ejercicio75Jordan5.jpg>
File: Ejercicio75Jordan5_2.jpg Graphic file (type bmp)
<Ejercicio75Jordan5_2.jpg>
File: Ejercicio75Jordan8.jpg Graphic file (type bmp)
<Ejercicio75Jordan8.jpg>
File: Ejercicio75Jordan8_2.jpg Graphic file (type bmp)
<Ejercicio75Jordan8_2.jpg>
File: Ejercicio75Jordan8_3.jpg Graphic file (type bmp)
<Ejercicio75Jordan8_3.jpg>
LaTeX Info: Redefining \. on input line 8457.
LaTeX Info: Redefining \% on input line 8457.
LaTeX Info: Redefining \. on input line 8457.
LaTeX Info: Redefining \% on input line 8457.
[97]
LaTeX Info: Redefining \. on input line 8495.
LaTeX Info: Redefining \% on input line 8495.
LaTeX Info: Redefining \. on input line 8495.
LaTeX Info: Redefining \% on input line 8495.
[98]
LaTeX Info: Redefining \. on input line 8495.
LaTeX Info: Redefining \% on input line 8495.
LaTeX Info: Redefining \. on input line 8495.
LaTeX Info: Redefining \% on input line 8495.
[99]
LaTeX Info: Redefining \. on input line 8495.
LaTeX Info: Redefining \% on input line 8495.
LaTeX Info: Redefining \. on input line 8495.
LaTeX Info: Redefining \% on input line 8495.
[100]
LaTeX Info: Redefining \. on input line 8495.
LaTeX Info: Redefining \% on input line 8495.
LaTeX Info: Redefining \. on input line 8495.
LaTeX Info: Redefining \% on input line 8495.
[101]
LaTeX Info: Redefining \. on input line 8495.
LaTeX Info: Redefining \% on input line 8495.
LaTeX Info: Redefining \. on input line 8495.
LaTeX Info: Redefining \% on input line 8495.
[102]
LaTeX Info: Redefining \. on input line 8607.
LaTeX Info: Redefining \% on input line 8607.
LaTeX Info: Redefining \. on input line 8607.
LaTeX Info: Redefining \% on input line 8607.
[103]
LaTeX Info: Redefining \. on input line 8697.
LaTeX Info: Redefining \% on input line 8697.
LaTeX Info: Redefining \. on input line 8697.
LaTeX Info: Redefining \% on input line 8697.
[104]
LaTeX Info: Redefining \. on input line 8813.
LaTeX Info: Redefining \% on input line 8813.
LaTeX Info: Redefining \. on input line 8813.
LaTeX Info: Redefining \% on input line 8813.
[105]
LaTeX Info: Redefining \. on input line 8927.
LaTeX Info: Redefining \% on input line 8927.
LaTeX Info: Redefining \. on input line 8927.
LaTeX Info: Redefining \% on input line 8927.
[106]
LaTeX Info: Redefining \. on input line 9032.
LaTeX Info: Redefining \% on input line 9032.
LaTeX Info: Redefining \. on input line 9032.
LaTeX Info: Redefining \% on input line 9032.
[107]
LaTeX Info: Redefining \. on input line 9130.
LaTeX Info: Redefining \% on input line 9130.
LaTeX Info: Redefining \. on input line 9130.
LaTeX Info: Redefining \% on input line 9130.
[108]
LaTeX Info: Redefining \. on input line 9219.
LaTeX Info: Redefining \% on input line 9219.
LaTeX Info: Redefining \. on input line 9219.
LaTeX Info: Redefining \% on input line 9219.
[109]
LaTeX Info: Redefining \. on input line 9354.
LaTeX Info: Redefining \% on input line 9354.
LaTeX Info: Redefining \. on input line 9354.
LaTeX Info: Redefining \% on input line 9354.
[110]
LaTeX Info: Redefining \. on input line 9442.
LaTeX Info: Redefining \% on input line 9442.
LaTeX Info: Redefining \. on input line 9442.
LaTeX Info: Redefining \% on input line 9442.
[111]
LaTeX Info: Redefining \. on input line 9548.
LaTeX Info: Redefining \% on input line 9548.
LaTeX Info: Redefining \. on input line 9548.
LaTeX Info: Redefining \% on input line 9548.
[112]
LaTeX Info: Redefining \. on input line 9652.
LaTeX Info: Redefining \% on input line 9652.
LaTeX Info: Redefining \. on input line 9652.
LaTeX Info: Redefining \% on input line 9652.
[113]
LaTeX Info: Redefining \. on input line 9743.
LaTeX Info: Redefining \% on input line 9743.
LaTeX Info: Redefining \. on input line 9743.
LaTeX Info: Redefining \% on input line 9743.
[114]
LaTeX Info: Redefining \. on input line 9836.
LaTeX Info: Redefining \% on input line 9836.
LaTeX Info: Redefining \. on input line 9836.
LaTeX Info: Redefining \% on input line 9836.
[115]
LaTeX Info: Redefining \. on input line 9952.
LaTeX Info: Redefining \% on input line 9952.
LaTeX Info: Redefining \. on input line 9952.
LaTeX Info: Redefining \% on input line 9952.
[116]
LaTeX Info: Redefining \. on input line 10072.
LaTeX Info: Redefining \% on input line 10072.
LaTeX Info: Redefining \. on input line 10072.
LaTeX Info: Redefining \% on input line 10072.
[117]
LaTeX Info: Redefining \. on input line 10178.
LaTeX Info: Redefining \% on input line 10178.
LaTeX Info: Redefining \. on input line 10178.
LaTeX Info: Redefining \% on input line 10178.
[118]
LaTeX Info: Redefining \. on input line 10280.
LaTeX Info: Redefining \% on input line 10280.
LaTeX Info: Redefining \. on input line 10280.
LaTeX Info: Redefining \% on input line 10280.
[119]
LaTeX Info: Redefining \. on input line 10367.
LaTeX Info: Redefining \% on input line 10367.
LaTeX Info: Redefining \. on input line 10367.
LaTeX Info: Redefining \% on input line 10367.
[120]
LaTeX Info: Redefining \. on input line 10509.
LaTeX Info: Redefining \% on input line 10509.
LaTeX Info: Redefining \. on input line 10509.
LaTeX Info: Redefining \% on input line 10509.
[121]
LaTeX Info: Redefining \. on input line 10588.
LaTeX Info: Redefining \% on input line 10588.
LaTeX Info: Redefining \. on input line 10588.
LaTeX Info: Redefining \% on input line 10588.
[122]
LaTeX Info: Redefining \. on input line 10693.
LaTeX Info: Redefining \% on input line 10693.
LaTeX Info: Redefining \. on input line 10693.
LaTeX Info: Redefining \% on input line 10693.
[123]
LaTeX Info: Redefining \. on input line 10792.
LaTeX Info: Redefining \% on input line 10792.
LaTeX Info: Redefining \. on input line 10792.
LaTeX Info: Redefining \% on input line 10792.
[124]
LaTeX Info: Redefining \. on input line 10916.
LaTeX Info: Redefining \% on input line 10916.
LaTeX Info: Redefining \. on input line 10916.
LaTeX Info: Redefining \% on input line 10916.
[125]
LaTeX Info: Redefining \. on input line 11010.
LaTeX Info: Redefining \% on input line 11010.
LaTeX Info: Redefining \. on input line 11010.
LaTeX Info: Redefining \% on input line 11010.
[126]
LaTeX Info: Redefining \. on input line 11095.
LaTeX Info: Redefining \% on input line 11095.
LaTeX Info: Redefining \. on input line 11095.
LaTeX Info: Redefining \% on input line 11095.
[127]
LaTeX Info: Redefining \. on input line 11202.
LaTeX Info: Redefining \% on input line 11202.
LaTeX Info: Redefining \. on input line 11202.
LaTeX Info: Redefining \% on input line 11202.
[128]
LaTeX Info: Redefining \. on input line 11293.
LaTeX Info: Redefining \% on input line 11293.
LaTeX Info: Redefining \. on input line 11293.
LaTeX Info: Redefining \% on input line 11293.
[129]
LaTeX Info: Redefining \. on input line 11384.
LaTeX Info: Redefining \% on input line 11384.
LaTeX Info: Redefining \. on input line 11384.
LaTeX Info: Redefining \% on input line 11384.
[130]
LaTeX Info: Redefining \. on input line 11481.
LaTeX Info: Redefining \% on input line 11481.
LaTeX Info: Redefining \. on input line 11481.
LaTeX Info: Redefining \% on input line 11481.
[131]
LaTeX Info: Redefining \. on input line 11633.
LaTeX Info: Redefining \% on input line 11633.
LaTeX Info: Redefining \. on input line 11633.
LaTeX Info: Redefining \% on input line 11633.
[132]
LaTeX Info: Redefining \. on input line 11711.
LaTeX Info: Redefining \% on input line 11711.
LaTeX Info: Redefining \. on input line 11711.
LaTeX Info: Redefining \% on input line 11711.
[133]
LaTeX Info: Redefining \. on input line 11824.
LaTeX Info: Redefining \% on input line 11824.
LaTeX Info: Redefining \. on input line 11824.
LaTeX Info: Redefining \% on input line 11824.
[134]
LaTeX Info: Redefining \. on input line 11930.
LaTeX Info: Redefining \% on input line 11930.
LaTeX Info: Redefining \. on input line 11930.
LaTeX Info: Redefining \% on input line 11930.
[135]
LaTeX Info: Redefining \. on input line 12023.
LaTeX Info: Redefining \% on input line 12023.
LaTeX Info: Redefining \. on input line 12023.
LaTeX Info: Redefining \% on input line 12023.
[136]
LaTeX Info: Redefining \. on input line 12116.
LaTeX Info: Redefining \% on input line 12116.
LaTeX Info: Redefining \. on input line 12116.
LaTeX Info: Redefining \% on input line 12116.
[137]
LaTeX Info: Redefining \. on input line 12235.
LaTeX Info: Redefining \% on input line 12235.
LaTeX Info: Redefining \. on input line 12235.
LaTeX Info: Redefining \% on input line 12235.
[138]
LaTeX Info: Redefining \. on input line 12349.
LaTeX Info: Redefining \% on input line 12349.
LaTeX Info: Redefining \. on input line 12349.
LaTeX Info: Redefining \% on input line 12349.
[139]
LaTeX Info: Redefining \. on input line 12439.
LaTeX Info: Redefining \% on input line 12439.
LaTeX Info: Redefining \. on input line 12439.
LaTeX Info: Redefining \% on input line 12439.
[140]
LaTeX Info: Redefining \. on input line 12539.
LaTeX Info: Redefining \% on input line 12539.
LaTeX Info: Redefining \. on input line 12539.
LaTeX Info: Redefining \% on input line 12539.
[141]
LaTeX Info: Redefining \. on input line 12652.
LaTeX Info: Redefining \% on input line 12652.
LaTeX Info: Redefining \. on input line 12652.
LaTeX Info: Redefining \% on input line 12652.
[142]
LaTeX Info: Redefining \. on input line 12746.
LaTeX Info: Redefining \% on input line 12746.
LaTeX Info: Redefining \. on input line 12746.
LaTeX Info: Redefining \% on input line 12746.
[143]
LaTeX Info: Redefining \. on input line 12831.
LaTeX Info: Redefining \% on input line 12831.
LaTeX Info: Redefining \. on input line 12831.
LaTeX Info: Redefining \% on input line 12831.
[144]
LaTeX Info: Redefining \. on input line 12970.
LaTeX Info: Redefining \% on input line 12970.
LaTeX Info: Redefining \. on input line 12970.
LaTeX Info: Redefining \% on input line 12970.
[145]
LaTeX Info: Redefining \. on input line 13071.
LaTeX Info: Redefining \% on input line 13071.
LaTeX Info: Redefining \. on input line 13071.
LaTeX Info: Redefining \% on input line 13071.
[146]
LaTeX Info: Redefining \. on input line 13162.
LaTeX Info: Redefining \% on input line 13162.
LaTeX Info: Redefining \. on input line 13162.
LaTeX Info: Redefining \% on input line 13162.
[147]
LaTeX Info: Redefining \. on input line 13266.
LaTeX Info: Redefining \% on input line 13266.
LaTeX Info: Redefining \. on input line 13266.
LaTeX Info: Redefining \% on input line 13266.
[148]
LaTeX Info: Redefining \. on input line 13352.
LaTeX Info: Redefining \% on input line 13352.
LaTeX Info: Redefining \. on input line 13352.
LaTeX Info: Redefining \% on input line 13352.
[149]
LaTeX Info: Redefining \. on input line 13445.
LaTeX Info: Redefining \% on input line 13445.
LaTeX Info: Redefining \. on input line 13445.
LaTeX Info: Redefining \% on input line 13445.
[150]
LaTeX Info: Redefining \. on input line 13533.
LaTeX Info: Redefining \% on input line 13533.
LaTeX Info: Redefining \. on input line 13533.
LaTeX Info: Redefining \% on input line 13533.
[151]
LaTeX Info: Redefining \. on input line 13645.
LaTeX Info: Redefining \% on input line 13645.
LaTeX Info: Redefining \. on input line 13645.
LaTeX Info: Redefining \% on input line 13645.
[152]
LaTeX Info: Redefining \. on input line 13802.
LaTeX Info: Redefining \% on input line 13802.
LaTeX Info: Redefining \. on input line 13802.
LaTeX Info: Redefining \% on input line 13802.
[153]
LaTeX Info: Redefining \. on input line 13880.
LaTeX Info: Redefining \% on input line 13880.
LaTeX Info: Redefining \. on input line 13880.
LaTeX Info: Redefining \% on input line 13880.
[154]
LaTeX Info: Redefining \. on input line 13995.
LaTeX Info: Redefining \% on input line 13995.
LaTeX Info: Redefining \. on input line 13995.
LaTeX Info: Redefining \% on input line 13995.
[155]
LaTeX Info: Redefining \. on input line 14088.
LaTeX Info: Redefining \% on input line 14088.
LaTeX Info: Redefining \. on input line 14088.
LaTeX Info: Redefining \% on input line 14088.
[156]
LaTeX Info: Redefining \. on input line 14174.
LaTeX Info: Redefining \% on input line 14174.
LaTeX Info: Redefining \. on input line 14174.
LaTeX Info: Redefining \% on input line 14174.
[157]
LaTeX Info: Redefining \. on input line 14263.
LaTeX Info: Redefining \% on input line 14263.
LaTeX Info: Redefining \. on input line 14263.
LaTeX Info: Redefining \% on input line 14263.
[158]
LaTeX Info: Redefining \. on input line 14400.
LaTeX Info: Redefining \% on input line 14400.
LaTeX Info: Redefining \. on input line 14400.
LaTeX Info: Redefining \% on input line 14400.
[159]
File: Ejercicio76Seidel1.jpg Graphic file (type bmp)
<Ejercicio76Seidel1.jpg>
File: Ejercicio76Seidel1_2.jpg Graphic file (type bmp)
<Ejercicio76Seidel1_2.jpg>
File: Ejercicio76Seidel1_3.jpg Graphic file (type bmp)
<Ejercicio76Seidel1_3.jpg>
File: Ejercicio76Seidel5.jpg Graphic file (type bmp)
<Ejercicio76Seidel5.jpg>
LaTeX Info: Redefining \. on input line 14524.
LaTeX Info: Redefining \% on input line 14524.
LaTeX Info: Redefining \. on input line 14524.
LaTeX Info: Redefining \% on input line 14524.
[160]
LaTeX Info: Redefining \. on input line 14524.
LaTeX Info: Redefining \% on input line 14524.
LaTeX Info: Redefining \. on input line 14524.
LaTeX Info: Redefining \% on input line 14524.
[161]
LaTeX Info: Redefining \. on input line 14524.
LaTeX Info: Redefining \% on input line 14524.
LaTeX Info: Redefining \. on input line 14524.
LaTeX Info: Redefining \% on input line 14524.
[162]
LaTeX Info: Redefining \. on input line 14524.
LaTeX Info: Redefining \% on input line 14524.
LaTeX Info: Redefining \. on input line 14524.
LaTeX Info: Redefining \% on input line 14524.
[163]
LaTeX Info: Redefining \. on input line 14571.
LaTeX Info: Redefining \% on input line 14571.
LaTeX Info: Redefining \. on input line 14571.
LaTeX Info: Redefining \% on input line 14571.
[164]
LaTeX Info: Redefining \. on input line 14687.
LaTeX Info: Redefining \% on input line 14687.
LaTeX Info: Redefining \. on input line 14687.
LaTeX Info: Redefining \% on input line 14687.
[165]
LaTeX Info: Redefining \. on input line 14801.
LaTeX Info: Redefining \% on input line 14801.
LaTeX Info: Redefining \. on input line 14801.
LaTeX Info: Redefining \% on input line 14801.
[166]
LaTeX Info: Redefining \. on input line 14909.
LaTeX Info: Redefining \% on input line 14909.
LaTeX Info: Redefining \. on input line 14909.
LaTeX Info: Redefining \% on input line 14909.
[167]
LaTeX Info: Redefining \. on input line 15023.
LaTeX Info: Redefining \% on input line 15023.
LaTeX Info: Redefining \. on input line 15023.
LaTeX Info: Redefining \% on input line 15023.
[168]
LaTeX Info: Redefining \. on input line 15135.
LaTeX Info: Redefining \% on input line 15135.
LaTeX Info: Redefining \. on input line 15135.
LaTeX Info: Redefining \% on input line 15135.
[169]
LaTeX Info: Redefining \. on input line 15271.
LaTeX Info: Redefining \% on input line 15271.
LaTeX Info: Redefining \. on input line 15271.
LaTeX Info: Redefining \% on input line 15271.
[170]
LaTeX Info: Redefining \. on input line 15363.
LaTeX Info: Redefining \% on input line 15363.
LaTeX Info: Redefining \. on input line 15363.
LaTeX Info: Redefining \% on input line 15363.
[171]
LaTeX Info: Redefining \. on input line 15473.
LaTeX Info: Redefining \% on input line 15473.
LaTeX Info: Redefining \. on input line 15473.
LaTeX Info: Redefining \% on input line 15473.
[172]
LaTeX Info: Redefining \. on input line 15585.
LaTeX Info: Redefining \% on input line 15585.
LaTeX Info: Redefining \. on input line 15585.
LaTeX Info: Redefining \% on input line 15585.
[173]
LaTeX Info: Redefining \. on input line 15694.
LaTeX Info: Redefining \% on input line 15694.
LaTeX Info: Redefining \. on input line 15694.
LaTeX Info: Redefining \% on input line 15694.
[174]
LaTeX Info: Redefining \. on input line 15803.
LaTeX Info: Redefining \% on input line 15803.
LaTeX Info: Redefining \. on input line 15803.
LaTeX Info: Redefining \% on input line 15803.
[175]
Overfull \hbox (14.016pt too wide) in paragraph at lines 15823--15823
[]\TU/lmtt/m/n/10 ## x3^(8) = (-27.5 - (3.3)*-3681597.23685338 - (-11.0)*502914
46.82850830)/4.4 = 128489808.74891074[] 
 []


Overfull \hbox (14.016pt too wide) in paragraph at lines 15861--15861
[]\TU/lmtt/m/n/10 ## x1^(9) = (94.2 - (1.4)*50291446.82850830 - (-2.7)*12848980
8.74891074)/-5.0 = -55302910.45242949[] 
 []


Overfull \hbox (19.266pt too wide) in paragraph at lines 15872--15872
[]\TU/lmtt/m/n/10 ## x2^(9) = (-6.0 - (0.7)*-55302910.45242949 - (15.0)*1284898
08.74891074)/-2.5 = 755454039.96678424[] 
 []


Overfull \hbox (29.766pt too wide) in paragraph at lines 15883--15883
[]\TU/lmtt/m/n/10 ## x3^(9) = (-27.5 - (3.3)*-55302910.45242949 - (-11.0)*75545
4039.96678424)/4.4 = 1930112276.50628257[] 
 []

LaTeX Info: Redefining \. on input line 15919.
LaTeX Info: Redefining \% on input line 15919.
LaTeX Info: Redefining \. on input line 15919.
LaTeX Info: Redefining \% on input line 15919.
[176]
Overfull \hbox (35.016pt too wide) in paragraph at lines 15921--15921
[]\TU/lmtt/m/n/10 ## x1^(10) = (94.2 - (1.4)*755454039.96678424 - (-2.7)*193011
2276.50628257)/-5.0 = -830733516.96269298[] 
 []


Overfull \hbox (45.516pt too wide) in paragraph at lines 15932--15932
[]\TU/lmtt/m/n/10 ## x2^(10) = (-6.0 - (0.7)*-830733516.96269298 - (15.0)*19301
12276.50628257)/-2.5 = 11348068276.68814087[] 
 []


Overfull \hbox (56.016pt too wide) in paragraph at lines 15943--15943
[]\TU/lmtt/m/n/10 ## x3^(10) = (-27.5 - (3.3)*-830733516.96269298 - (-11.0)*113
48068276.68814087)/4.4 = 28993220823.19236755[] 
 []

LaTeX Info: Redefining \. on input line 16018.
LaTeX Info: Redefining \% on input line 16018.
LaTeX Info: Redefining \. on input line 16018.
LaTeX Info: Redefining \% on input line 16018.
[177]
LaTeX Info: Redefining \. on input line 16120.
LaTeX Info: Redefining \% on input line 16120.
LaTeX Info: Redefining \. on input line 16120.
LaTeX Info: Redefining \% on input line 16120.
[178]
LaTeX Info: Redefining \. on input line 16231.
LaTeX Info: Redefining \% on input line 16231.
LaTeX Info: Redefining \. on input line 16231.
LaTeX Info: Redefining \% on input line 16231.
[179]
LaTeX Info: Redefining \. on input line 16347.
LaTeX Info: Redefining \% on input line 16347.
LaTeX Info: Redefining \. on input line 16347.
LaTeX Info: Redefining \% on input line 16347.
[180]
LaTeX Info: Redefining \. on input line 16465.
LaTeX Info: Redefining \% on input line 16465.
LaTeX Info: Redefining \. on input line 16465.
LaTeX Info: Redefining \% on input line 16465.
[181]
LaTeX Info: Redefining \. on input line 16567.
LaTeX Info: Redefining \% on input line 16567.
LaTeX Info: Redefining \. on input line 16567.
LaTeX Info: Redefining \% on input line 16567.
[182]
LaTeX Info: Redefining \. on input line 16689.
LaTeX Info: Redefining \% on input line 16689.
LaTeX Info: Redefining \. on input line 16689.
LaTeX Info: Redefining \% on input line 16689.
[183]
LaTeX Info: Redefining \. on input line 16809.
LaTeX Info: Redefining \% on input line 16809.
LaTeX Info: Redefining \. on input line 16809.
LaTeX Info: Redefining \% on input line 16809.
[184]
LaTeX Info: Redefining \. on input line 16912.
LaTeX Info: Redefining \% on input line 16912.
LaTeX Info: Redefining \. on input line 16912.
LaTeX Info: Redefining \% on input line 16912.
[185]
LaTeX Info: Redefining \. on input line 17014.
LaTeX Info: Redefining \% on input line 17014.
LaTeX Info: Redefining \. on input line 17014.
LaTeX Info: Redefining \% on input line 17014.
[186]
LaTeX Info: Redefining \. on input line 17128.
LaTeX Info: Redefining \% on input line 17128.
LaTeX Info: Redefining \. on input line 17128.
LaTeX Info: Redefining \% on input line 17128.
[187]
LaTeX Info: Redefining \. on input line 17240.
LaTeX Info: Redefining \% on input line 17240.
LaTeX Info: Redefining \. on input line 17240.
LaTeX Info: Redefining \% on input line 17240.
[188]
LaTeX Info: Redefining \. on input line 17349.
LaTeX Info: Redefining \% on input line 17349.
LaTeX Info: Redefining \. on input line 17349.
LaTeX Info: Redefining \% on input line 17349.
[189]
LaTeX Info: Redefining \. on input line 17464.
LaTeX Info: Redefining \% on input line 17464.
LaTeX Info: Redefining \. on input line 17464.
LaTeX Info: Redefining \% on input line 17464.
[190]
LaTeX Info: Redefining \. on input line 17599.
LaTeX Info: Redefining \% on input line 17599.
LaTeX Info: Redefining \. on input line 17599.
LaTeX Info: Redefining \% on input line 17599.
[191]
LaTeX Info: Redefining \. on input line 17688.
LaTeX Info: Redefining \% on input line 17688.
LaTeX Info: Redefining \. on input line 17688.
LaTeX Info: Redefining \% on input line 17688.
[192]
LaTeX Info: Redefining \. on input line 17799.
LaTeX Info: Redefining \% on input line 17799.
LaTeX Info: Redefining \. on input line 17799.
LaTeX Info: Redefining \% on input line 17799.
[193]
LaTeX Info: Redefining \. on input line 17908.
LaTeX Info: Redefining \% on input line 17908.
LaTeX Info: Redefining \. on input line 17908.
LaTeX Info: Redefining \% on input line 17908.
[194]
LaTeX Info: Redefining \. on input line 18024.
LaTeX Info: Redefining \% on input line 18024.
LaTeX Info: Redefining \. on input line 18024.
LaTeX Info: Redefining \% on input line 18024.
[195]
LaTeX Info: Redefining \. on input line 18142.
LaTeX Info: Redefining \% on input line 18142.
LaTeX Info: Redefining \. on input line 18142.
LaTeX Info: Redefining \% on input line 18142.
[196]
LaTeX Info: Redefining \. on input line 18244.
LaTeX Info: Redefining \% on input line 18244.
LaTeX Info: Redefining \. on input line 18244.
LaTeX Info: Redefining \% on input line 18244.
[197]
LaTeX Info: Redefining \. on input line 18328.
LaTeX Info: Redefining \% on input line 18328.
LaTeX Info: Redefining \. on input line 18328.
LaTeX Info: Redefining \% on input line 18328.
[198]
LaTeX Info: Redefining \. on input line 18436.
LaTeX Info: Redefining \% on input line 18436.
LaTeX Info: Redefining \. on input line 18436.
LaTeX Info: Redefining \% on input line 18436.
[199]
Overfull \hbox (24.516pt too wide) in paragraph at lines 18518--18518
[]\TU/lmtt/m/n/10 ## x1^(4) = (-26.4 - (2.1)*21506972.11433048 - (30.8)*9582501
1.50161648)/0.1 = -19946658941.43962479[] 
 []


Overfull \hbox (24.516pt too wide) in paragraph at lines 18529--18529
[]\TU/lmtt/m/n/10 ## x2^(4) = (1.0 - (0.6)*-19946658941.43962479 - (2.0)*958250
11.50161648)/1.2 = 10387950785.08516312[] 
 []


Overfull \hbox (40.266pt too wide) in paragraph at lines 18540--18540
[]\TU/lmtt/m/n/10 ## x3^(4) = (5.2 - (3.2)*-19946658941.43962479 - (1.5)*103879
50785.08516312)/1.0 = 46283856255.83740234[] 
 []

LaTeX Info: Redefining \. on input line 18550.
LaTeX Info: Redefining \% on input line 18550.
LaTeX Info: Redefining \. on input line 18550.
LaTeX Info: Redefining \% on input line 18550.
[200]
Overfull \hbox (66.516pt too wide) in paragraph at lines 18578--18578
[]\TU/lmtt/m/n/10 ## x1^(5) = (-26.4 - (2.1)*10387950785.08516312 - (30.8)*4628
3856255.83740234)/0.1 = -9634314373666.06445312[] 
 []


Overfull \hbox (61.266pt too wide) in paragraph at lines 18589--18589
[]\TU/lmtt/m/n/10 ## x2^(5) = (1.0 - (0.6)*-9634314373666.06445312 - (2.0)*4628
3856255.83740234)/1.2 = 5017420903985.80566406[] 
 []


Overfull \hbox (77.016pt too wide) in paragraph at lines 18600--18600
[]\TU/lmtt/m/n/10 ## x3^(5) = (5.2 - (3.2)*-9634314373666.06445312 - (1.5)*5017
420903985.80566406)/1.0 = 22355283804206.74609375[] 
 []


Overfull \hbox (108.516pt too wide) in paragraph at lines 18638--18638
[]\TU/lmtt/m/n/10 ## x1^(6) = (-26.4 - (2.1)*5017420903985.80566406 - (30.8)*22
355283804206.74609375)/0.1 = -4653411567245293.00000000[] 
 []


Overfull \hbox (108.516pt too wide) in paragraph at lines 18649--18649
[]\TU/lmtt/m/n/10 ## x2^(6) = (1.0 - (0.6)*-4653411567245293.00000000 - (2.0)*2
2355283804206.74609375)/1.2 = 2423433943172202.00000000[] 
 []


Overfull \hbox (124.266pt too wide) in paragraph at lines 18660--18660
[]\TU/lmtt/m/n/10 ## x3^(6) = (5.2 - (3.2)*-4653411567245293.00000000 - (1.5)*2
423433943172202.00000000)/1.0 = 10797689613273008.00000000[] 
 []

LaTeX Info: Redefining \. on input line 18662.
LaTeX Info: Redefining \% on input line 18662.
LaTeX Info: Redefining \. on input line 18662.
LaTeX Info: Redefining \% on input line 18662.
[201]
Overfull \hbox (155.766pt too wide) in paragraph at lines 18698--18698
[]\TU/lmtt/m/n/10 ## x1^(7) = (-26.4 - (2.1)*2423433943172202.00000000 - (30.8)
*10797689613273008.00000000)/0.1 = -2247616008188256000.00000000[] 
 []


Overfull \hbox (155.766pt too wide) in paragraph at lines 18709--18709
[]\TU/lmtt/m/n/10 ## x2^(7) = (1.0 - (0.6)*-2247616008188256000.00000000 - (2.0
)*10797689613273008.00000000)/1.2 = 1170528083911796736.00000000[] 
 []


Overfull \hbox (166.266pt too wide) in paragraph at lines 18720--18720
[]\TU/lmtt/m/n/10 ## x3^(7) = (5.2 - (3.2)*-2247616008188256000.00000000 - (1.5
)*1170528083911796736.00000000)/1.0 = 5215326363364665344.00000000[] 
 []


Overfull \hbox (24.516pt too wide) in paragraph at lines 18734--18734
[]\TU/lmtt/m/n/10 ## x^(7) = -2247616008188256000.00000000, 1170528083911796736
.00000000, 5215326363364665344.00000000[] 
 []


Overfull \hbox (197.766pt too wide) in paragraph at lines 18758--18758
[]\TU/lmtt/m/n/10 ## x1^(8) = (-26.4 - (2.1)*1170528083911796736.00000000 - (30
.8)*5215326363364665344.00000000)/0.1 = -1085607332870115688448.00000000[] 
 []


Overfull \hbox (192.516pt too wide) in paragraph at lines 18769--18769
[]\TU/lmtt/m/n/10 ## x2^(8) = (1.0 - (0.6)*-1085607332870115688448.00000000 - (
2.0)*5215326363364665344.00000000)/1.2 = 565369647927253270528.00000000[] 
 []

LaTeX Info: Redefining \. on input line 18771.
LaTeX Info: Redefining \% on input line 18771.
LaTeX Info: Redefining \. on input line 18771.
LaTeX Info: Redefining \% on input line 18771.
[202]
Overfull \hbox (208.266pt too wide) in paragraph at lines 18780--18780
[]\TU/lmtt/m/n/10 ## x3^(8) = (5.2 - (3.2)*-1085607332870115688448.00000000 - (
1.5)*565369647927253270528.00000000)/1.0 = 2519023054984974958592.00000000[] 
 []


Overfull \hbox (66.516pt too wide) in paragraph at lines 18794--18794
[]\TU/lmtt/m/n/10 ## x^(8) = -1085607332870115688448.00000000, 5653696479272532
70528.00000000, 2519023054984974958592.00000000[] 
 []


Overfull \hbox (234.516pt too wide) in paragraph at lines 18818--18818
[]\TU/lmtt/m/n/10 ## x1^(9) = (-26.4 - (2.1)*565369647927253270528.00000000 - (
30.8)*2519023054984974958592.00000000)/0.1 = -524352592652763289092096.00000000
[] 
 []


Overfull \hbox (234.516pt too wide) in paragraph at lines 18829--18829
[]\TU/lmtt/m/n/10 ## x2^(9) = (1.0 - (0.6)*-524352592652763289092096.00000000 -
 (2.0)*2519023054984974958592.00000000)/1.2 = 273075753747974648233984.00000000
[] 
 []


Overfull \hbox (250.266pt too wide) in paragraph at lines 18840--18840
[]\TU/lmtt/m/n/10 ## x3^(9) = (5.2 - (3.2)*-524352592652763289092096.00000000 -
 (1.5)*273075753747974648233984.00000000)/1.0 = 1216697999212469987311616.00000
000[] 
 []


Overfull \hbox (108.516pt too wide) in paragraph at lines 18854--18854
[]\TU/lmtt/m/n/10 ## x^(9) = -524352592652763289092096.00000000, 27307575374797
4648233984.00000000, 1216697999212469987311616.00000000[] 
 []


Overfull \hbox (287.016pt too wide) in paragraph at lines 18878--18878
[]\TU/lmtt/m/n/10 ## x1^(10) = (-26.4 - (2.1)*273075753747974648233984.00000000
 - (30.8)*1216697999212469987311616.00000000)/0.1 = -25326435544127789868462899
2.00000000[] 
 []

LaTeX Info: Redefining \. on input line 18880.
LaTeX Info: Redefining \% on input line 18880.
LaTeX Info: Redefining \. on input line 18880.
LaTeX Info: Redefining \% on input line 18880.
[203]
Overfull \hbox (287.016pt too wide) in paragraph at lines 18889--18889
[]\TU/lmtt/m/n/10 ## x2^(10) = (1.0 - (0.6)*-253264355441277898684628992.000000
00 - (2.0)*1216697999212469987311616.00000000)/1.2 = 13189665833391099195319910
4.00000000[] 
 []


Overfull \hbox (297.516pt too wide) in paragraph at lines 18900--18900
[]\TU/lmtt/m/n/10 ## x3^(10) = (5.2 - (3.2)*-253264355441277898684628992.000000
00 - (1.5)*131896658333910991953199104.00000000)/1.0 = 587669897803479029192327
168.00000000[] 
 []


Overfull \hbox (155.766pt too wide) in paragraph at lines 18914--18914
[]\TU/lmtt/m/n/10 ## x^(10) = -253264355441277898684628992.00000000, 1318966583
33910991953199104.00000000, 587669897803479029192327168.00000000[] 
 []

LaTeX Info: Redefining \. on input line 18975.
LaTeX Info: Redefining \% on input line 18975.
LaTeX Info: Redefining \. on input line 18975.
LaTeX Info: Redefining \% on input line 18975.
[204]
LaTeX Info: Redefining \. on input line 19080.
LaTeX Info: Redefining \% on input line 19080.
LaTeX Info: Redefining \. on input line 19080.
LaTeX Info: Redefining \% on input line 19080.
[205]
LaTeX Info: Redefining \. on input line 19191.
LaTeX Info: Redefining \% on input line 19191.
LaTeX Info: Redefining \. on input line 19191.
LaTeX Info: Redefining \% on input line 19191.
[206]
LaTeX Info: Redefining \. on input line 19307.
LaTeX Info: Redefining \% on input line 19307.
LaTeX Info: Redefining \. on input line 19307.
LaTeX Info: Redefining \% on input line 19307.
[207]
Overfull \hbox (3.516pt too wide) in paragraph at lines 19309--19309
[]\TU/lmtt/m/n/10 ## x1^(6) = (-3.0 - (1.0)*2521690.00000000 - (-1.0)*-12063468
.00000000)/1.0 = -14585161.00000000[] 
 []


Overfull \hbox (8.766pt too wide) in paragraph at lines 19331--19331
[]\TU/lmtt/m/n/10 ## x3^(6) = (1.0 - (-3.0)*-14585161.00000000 - (4.0)*55818952
.00000000)/1.0 = -267031290.00000000[] 
 []


Overfull \hbox (19.266pt too wide) in paragraph at lines 19369--19369
[]\TU/lmtt/m/n/10 ## x1^(7) = (-3.0 - (1.0)*55818952.00000000 - (-1.0)*-2670312
90.00000000)/1.0 = -322850245.00000000[] 
 []


Overfull \hbox (19.266pt too wide) in paragraph at lines 19380--19380
[]\TU/lmtt/m/n/10 ## x2^(7) = (2.0 - (6.0)*-322850245.00000000 - (2.0)*-2670312
90.00000000)/2.0 = 1235582026.00000000[] 
 []


Overfull \hbox (29.766pt too wide) in paragraph at lines 19391--19391
[]\TU/lmtt/m/n/10 ## x3^(7) = (1.0 - (-3.0)*-322850245.00000000 - (4.0)*1235582
026.00000000)/1.0 = -5910878838.00000000[] 
 []

LaTeX Info: Redefining \. on input line 19425.
LaTeX Info: Redefining \% on input line 19425.
LaTeX Info: Redefining \. on input line 19425.
LaTeX Info: Redefining \% on input line 19425.
[208]
Overfull \hbox (40.266pt too wide) in paragraph at lines 19429--19429
[]\TU/lmtt/m/n/10 ## x1^(8) = (-3.0 - (1.0)*1235582026.00000000 - (-1.0)*-59108
78838.00000000)/1.0 = -7146460867.00000000[] 
 []


Overfull \hbox (35.016pt too wide) in paragraph at lines 19440--19440
[]\TU/lmtt/m/n/10 ## x2^(8) = (2.0 - (6.0)*-7146460867.00000000 - (2.0)*-591087
8838.00000000)/2.0 = 27350261440.00000000[] 
 []


Overfull \hbox (50.766pt too wide) in paragraph at lines 19451--19451
[]\TU/lmtt/m/n/10 ## x3^(8) = (1.0 - (-3.0)*-7146460867.00000000 - (4.0)*273502
61440.00000000)/1.0 = -130840428360.00000000[] 
 []


Overfull \hbox (66.516pt too wide) in paragraph at lines 19489--19489
[]\TU/lmtt/m/n/10 ## x1^(9) = (-3.0 - (1.0)*27350261440.00000000 - (-1.0)*-1308
40428360.00000000)/1.0 = -158190689803.00000000[] 
 []


Overfull \hbox (61.266pt too wide) in paragraph at lines 19500--19500
[]\TU/lmtt/m/n/10 ## x2^(9) = (2.0 - (6.0)*-158190689803.00000000 - (2.0)*-1308
40428360.00000000)/2.0 = 605412497770.00000000[] 
 []


Overfull \hbox (71.766pt too wide) in paragraph at lines 19511--19511
[]\TU/lmtt/m/n/10 ## x3^(9) = (1.0 - (-3.0)*-158190689803.00000000 - (4.0)*6054
12497770.00000000)/1.0 = -2896222060488.00000000[] 
 []

LaTeX Info: Redefining \. on input line 19527.
LaTeX Info: Redefining \% on input line 19527.
LaTeX Info: Redefining \. on input line 19527.
LaTeX Info: Redefining \% on input line 19527.
[209]
Overfull \hbox (87.516pt too wide) in paragraph at lines 19549--19549
[]\TU/lmtt/m/n/10 ## x1^(10) = (-3.0 - (1.0)*605412497770.00000000 - (-1.0)*-28
96222060488.00000000)/1.0 = -3501634558261.00000000[] 
 []


Overfull \hbox (87.516pt too wide) in paragraph at lines 19560--19560
[]\TU/lmtt/m/n/10 ## x2^(10) = (2.0 - (6.0)*-3501634558261.00000000 - (2.0)*-28
96222060488.00000000)/2.0 = 13401125735272.00000000[] 
 []


Overfull \hbox (98.016pt too wide) in paragraph at lines 19571--19571
[]\TU/lmtt/m/n/10 ## x3^(10) = (1.0 - (-3.0)*-3501634558261.00000000 - (4.0)*13
401125735272.00000000)/1.0 = -64109406615870.00000000[] 
 []

LaTeX Info: Redefining \. on input line 19630.
LaTeX Info: Redefining \% on input line 19630.
LaTeX Info: Redefining \. on input line 19630.
LaTeX Info: Redefining \% on input line 19630.
[210]
LaTeX Info: Redefining \. on input line 19730.
LaTeX Info: Redefining \% on input line 19730.
LaTeX Info: Redefining \. on input line 19730.
LaTeX Info: Redefining \% on input line 19730.
[211]
LaTeX Info: Redefining \. on input line 19838.
LaTeX Info: Redefining \% on input line 19838.
LaTeX Info: Redefining \. on input line 19838.
LaTeX Info: Redefining \% on input line 19838.
[212]
LaTeX Info: Redefining \. on input line 19952.
LaTeX Info: Redefining \% on input line 19952.
LaTeX Info: Redefining \. on input line 19952.
LaTeX Info: Redefining \% on input line 19952.
[213]
LaTeX Info: Redefining \. on input line 20064.
LaTeX Info: Redefining \% on input line 20064.
LaTeX Info: Redefining \. on input line 20064.
LaTeX Info: Redefining \% on input line 20064.
[214]
LaTeX Info: Redefining \. on input line 20173.
LaTeX Info: Redefining \% on input line 20173.
LaTeX Info: Redefining \. on input line 20173.
LaTeX Info: Redefining \% on input line 20173.
[215]
LaTeX Info: Redefining \. on input line 20288.
LaTeX Info: Redefining \% on input line 20288.
LaTeX Info: Redefining \. on input line 20288.
LaTeX Info: Redefining \% on input line 20288.
[216]
LaTeX Info: Redefining \. on input line 20436.
LaTeX Info: Redefining \% on input line 20436.
LaTeX Info: Redefining \. on input line 20436.
LaTeX Info: Redefining \% on input line 20436.
[217]
LaTeX Info: Redefining \. on input line 20514.
LaTeX Info: Redefining \% on input line 20514.
LaTeX Info: Redefining \. on input line 20514.
LaTeX Info: Redefining \% on input line 20514.
[218]
LaTeX Info: Redefining \. on input line 20623.
LaTeX Info: Redefining \% on input line 20623.
LaTeX Info: Redefining \. on input line 20623.
LaTeX Info: Redefining \% on input line 20623.
[219]
LaTeX Info: Redefining \. on input line 20732.
LaTeX Info: Redefining \% on input line 20732.
LaTeX Info: Redefining \. on input line 20732.
LaTeX Info: Redefining \% on input line 20732.
[220]
LaTeX Info: Redefining \. on input line 20848.
LaTeX Info: Redefining \% on input line 20848.
LaTeX Info: Redefining \. on input line 20848.
LaTeX Info: Redefining \% on input line 20848.
[221]
LaTeX Info: Redefining \. on input line 20966.
LaTeX Info: Redefining \% on input line 20966.
LaTeX Info: Redefining \. on input line 20966.
LaTeX Info: Redefining \% on input line 20966.
[222]
LaTeX Info: Redefining \. on input line 21068.
LaTeX Info: Redefining \% on input line 21068.
LaTeX Info: Redefining \. on input line 21068.
LaTeX Info: Redefining \% on input line 21068.
[223]
LaTeX Info: Redefining \. on input line 21210.
LaTeX Info: Redefining \% on input line 21210.
LaTeX Info: Redefining \. on input line 21210.
LaTeX Info: Redefining \% on input line 21210.
[224]
LaTeX Info: Redefining \. on input line 21297.
LaTeX Info: Redefining \% on input line 21297.
LaTeX Info: Redefining \. on input line 21297.
LaTeX Info: Redefining \% on input line 21297.
[225]
LaTeX Info: Redefining \. on input line 21413.
LaTeX Info: Redefining \% on input line 21413.
LaTeX Info: Redefining \. on input line 21413.
LaTeX Info: Redefining \% on input line 21413.
[226]
LaTeX Info: Redefining \. on input line 21527.
LaTeX Info: Redefining \% on input line 21527.
LaTeX Info: Redefining \. on input line 21527.
LaTeX Info: Redefining \% on input line 21527.
[227]
LaTeX Info: Redefining \. on input line 21635.
LaTeX Info: Redefining \% on input line 21635.
LaTeX Info: Redefining \. on input line 21635.
LaTeX Info: Redefining \% on input line 21635.
[228]
LaTeX Info: Redefining \. on input line 21749.
LaTeX Info: Redefining \% on input line 21749.
LaTeX Info: Redefining \. on input line 21749.
LaTeX Info: Redefining \% on input line 21749.
[229]
LaTeX Info: Redefining \. on input line 21861.
LaTeX Info: Redefining \% on input line 21861.
LaTeX Info: Redefining \. on input line 21861.
LaTeX Info: Redefining \% on input line 21861.
[230]
LaTeX Info: Redefining \. on input line 21970.
LaTeX Info: Redefining \% on input line 21970.
LaTeX Info: Redefining \. on input line 21970.
LaTeX Info: Redefining \% on input line 21970.
[231]
LaTeX Info: Redefining \. on input line 22079.
LaTeX Info: Redefining \% on input line 22079.
LaTeX Info: Redefining \. on input line 22079.
LaTeX Info: Redefining \% on input line 22079.
[232]
LaTeX Info: Redefining \. on input line 22195.
LaTeX Info: Redefining \% on input line 22195.
LaTeX Info: Redefining \. on input line 22195.
LaTeX Info: Redefining \% on input line 22195.
[233]
LaTeX Info: Redefining \. on input line 22313.
LaTeX Info: Redefining \% on input line 22313.
LaTeX Info: Redefining \. on input line 22313.
LaTeX Info: Redefining \% on input line 22313.
[234]
LaTeX Info: Redefining \. on input line 22415.
LaTeX Info: Redefining \% on input line 22415.
LaTeX Info: Redefining \. on input line 22415.
LaTeX Info: Redefining \% on input line 22415.
[235]
LaTeX Info: Redefining \. on input line 22537.
LaTeX Info: Redefining \% on input line 22537.
LaTeX Info: Redefining \. on input line 22537.
LaTeX Info: Redefining \% on input line 22537.
[236]
File: Ejercicio77Jacobi7.jpg Graphic file (type bmp)
<Ejercicio77Jacobi7.jpg>
File: Ejercicio77Jacobi9.jpg Graphic file (type bmp)
<Ejercicio77Jacobi9.jpg>
File: Ejercicio77Jacobi9_2.jpg Graphic file (type bmp)
<Ejercicio77Jacobi9_2.jpg>

Overfull \vbox (0.99518pt too high) detected at line 22675
 []

LaTeX Info: Redefining \. on input line 22675.
LaTeX Info: Redefining \% on input line 22675.
LaTeX Info: Redefining \. on input line 22675.
LaTeX Info: Redefining \% on input line 22675.
[237]
LaTeX Info: Redefining \. on input line 22675.
LaTeX Info: Redefining \% on input line 22675.
LaTeX Info: Redefining \. on input line 22675.
LaTeX Info: Redefining \% on input line 22675.
[238]
LaTeX Info: Redefining \. on input line 22675.
LaTeX Info: Redefining \% on input line 22675.
LaTeX Info: Redefining \. on input line 22675.
LaTeX Info: Redefining \% on input line 22675.
[239]
LaTeX Info: Redefining \. on input line 22675.
LaTeX Info: Redefining \% on input line 22675.
LaTeX Info: Redefining \. on input line 22675.
LaTeX Info: Redefining \% on input line 22675.
[240]
Overfull \hbox (3.516pt too wide) in paragraph at lines 22742--22742
[]\TU/lmtt/m/n/10 ## x2^(1) = (-15.0 - (1.0)*0.00000000 - (-2.0)*0.00000000 - (
3.0)*0.00000000)/20.0 = -0.75000000[] 
 []

LaTeX Info: Redefining \. on input line 22772.
LaTeX Info: Redefining \% on input line 22772.
LaTeX Info: Redefining \. on input line 22772.
LaTeX Info: Redefining \% on input line 22772.
[241]
Overfull \hbox (3.516pt too wide) in paragraph at lines 22855--22855
[]\TU/lmtt/m/n/10 ## x2^(2) = (-15.0 - (1.0)*2.60000000 - (-2.0)*1.76666667 - (
3.0)*2.35000000)/20.0 = -1.05583333[] 
 []

LaTeX Info: Redefining \. on input line 22891.
LaTeX Info: Redefining \% on input line 22891.
LaTeX Info: Redefining \. on input line 22891.
LaTeX Info: Redefining \% on input line 22891.
[242]
Overfull \hbox (3.516pt too wide) in paragraph at lines 22968--22968
[]\TU/lmtt/m/n/10 ## x2^(3) = (-15.0 - (1.0)*2.92666667 - (-2.0)*1.96500000 - (
3.0)*2.03000000)/20.0 = -1.00433333[] 
 []

LaTeX Info: Redefining \. on input line 23022.
LaTeX Info: Redefining \% on input line 23022.
LaTeX Info: Redefining \. on input line 23022.
LaTeX Info: Redefining \% on input line 23022.
[243]
Overfull \hbox (3.516pt too wide) in paragraph at lines 23081--23081
[]\TU/lmtt/m/n/10 ## x2^(4) = (-15.0 - (1.0)*3.00766667 - (-2.0)*1.99697222 - (
3.0)*2.01450000)/20.0 = -1.00286111[] 
 []

LaTeX Info: Redefining \. on input line 23147.
LaTeX Info: Redefining \% on input line 23147.
LaTeX Info: Redefining \. on input line 23147.
LaTeX Info: Redefining \% on input line 23147.
[244]
Overfull \hbox (3.516pt too wide) in paragraph at lines 23194--23194
[]\TU/lmtt/m/n/10 ## x2^(5) = (-15.0 - (1.0)*3.00056389 - (-2.0)*2.00065556 - (
3.0)*2.00050417)/20.0 = -1.00003826[] 
 []

LaTeX Info: Redefining \. on input line 23272.
LaTeX Info: Redefining \% on input line 23272.
LaTeX Info: Redefining \. on input line 23272.
LaTeX Info: Redefining \% on input line 23272.
[245]
Overfull \hbox (3.516pt too wide) in paragraph at lines 23307--23307
[]\TU/lmtt/m/n/10 ## x2^(6) = (-15.0 - (1.0)*3.00063778 - (-2.0)*2.00013296 - (
3.0)*2.00015958)/20.0 = -1.00004253[] 
 []

LaTeX Info: Redefining \. on input line 23399.
LaTeX Info: Redefining \% on input line 23399.
LaTeX Info: Redefining \. on input line 23399.
LaTeX Info: Redefining \% on input line 23399.
[246]
Overfull \hbox (3.516pt too wide) in paragraph at lines 23420--23420
[]\TU/lmtt/m/n/10 ## x2^(7) = (-15.0 - (1.0)*3.00002095 - (-2.0)*2.00004379 - (
3.0)*1.99995199)/20.0 = -0.99998947[] 
 []

LaTeX Info: Redefining \. on input line 23520.
LaTeX Info: Redefining \% on input line 23520.
LaTeX Info: Redefining \. on input line 23520.
LaTeX Info: Redefining \% on input line 23520.
[247]
Overfull \hbox (3.516pt too wide) in paragraph at lines 23533--23533
[]\TU/lmtt/m/n/10 ## x2^(8) = (-15.0 - (1.0)*3.00001289 - (-2.0)*2.00000281 - (
3.0)*1.99999664)/20.0 = -0.99999986[] 
 []


Overfull \hbox (3.516pt too wide) in paragraph at lines 23646--23646
[]\TU/lmtt/m/n/10 ## x2^(9) = (-15.0 - (1.0)*2.99999817 - (-2.0)*2.00000051 - (
3.0)*1.99999788)/20.0 = -0.99999954[] 
 []

LaTeX Info: Redefining \. on input line 23646.
LaTeX Info: Redefining \% on input line 23646.
LaTeX Info: Redefining \. on input line 23646.
LaTeX Info: Redefining \% on input line 23646.
[248]
Overfull \hbox (3.516pt too wide) in paragraph at lines 23748--23748
[]\TU/lmtt/m/n/10 ## x1^(10) = (26.0 - (2.0)*-0.99999954 - (-1.0)*1.99999987 - 
(0.0)*2.00000000)/10.0 = 2.99999990[] 
 []


Overfull \hbox (8.766pt too wide) in paragraph at lines 23759--23759
[]\TU/lmtt/m/n/10 ## x2^(10) = (-15.0 - (1.0)*3.00000002 - (-2.0)*1.99999987 - 
(3.0)*2.00000000)/20.0 = -1.00000001[] 
 []


Overfull \hbox (3.516pt too wide) in paragraph at lines 23770--23770
[]\TU/lmtt/m/n/10 ## x3^(10) = (53.0 - (-2.0)*3.00000002 - (1.0)*-0.99999954 - 
(0.0)*2.00000000)/30.0 = 1.99999999[] 
 []

LaTeX Info: Redefining \. on input line 23772.
LaTeX Info: Redefining \% on input line 23772.
LaTeX Info: Redefining \. on input line 23772.
LaTeX Info: Redefining \% on input line 23772.
[249]
Overfull \hbox (3.516pt too wide) in paragraph at lines 23861--23861
[]\TU/lmtt/m/n/10 ## x1^(11) = (26.0 - (2.0)*-1.00000001 - (-1.0)*1.99999999 - 
(0.0)*1.99999997)/10.0 = 3.00000000[] 
 []


Overfull \hbox (8.766pt too wide) in paragraph at lines 23872--23872
[]\TU/lmtt/m/n/10 ## x2^(11) = (-15.0 - (1.0)*2.99999990 - (-2.0)*1.99999999 - 
(3.0)*1.99999997)/20.0 = -0.99999999[] 
 []


Overfull \hbox (3.516pt too wide) in paragraph at lines 23883--23883
[]\TU/lmtt/m/n/10 ## x3^(11) = (53.0 - (-2.0)*2.99999990 - (1.0)*-1.00000001 - 
(0.0)*1.99999997)/30.0 = 1.99999999[] 
 []

LaTeX Info: Redefining \. on input line 23896.
LaTeX Info: Redefining \% on input line 23896.
LaTeX Info: Redefining \. on input line 23896.
LaTeX Info: Redefining \% on input line 23896.
[250]
Overfull \hbox (3.516pt too wide) in paragraph at lines 23974--23974
[]\TU/lmtt/m/n/10 ## x1^(12) = (26.0 - (2.0)*-0.99999999 - (-1.0)*1.99999999 - 
(0.0)*2.00000001)/10.0 = 3.00000000[] 
 []


Overfull \hbox (8.766pt too wide) in paragraph at lines 23985--23985
[]\TU/lmtt/m/n/10 ## x2^(12) = (-15.0 - (1.0)*3.00000000 - (-2.0)*1.99999999 - 
(3.0)*2.00000001)/20.0 = -1.00000000[] 
 []


Overfull \hbox (3.516pt too wide) in paragraph at lines 23996--23996
[]\TU/lmtt/m/n/10 ## x3^(12) = (53.0 - (-2.0)*3.00000000 - (1.0)*-0.99999999 - 
(0.0)*2.00000001)/30.0 = 2.00000000[] 
 []

LaTeX Info: Redefining \. on input line 24021.
LaTeX Info: Redefining \% on input line 24021.
LaTeX Info: Redefining \. on input line 24021.
LaTeX Info: Redefining \% on input line 24021.
[251]
Overfull \hbox (3.516pt too wide) in paragraph at lines 24087--24087
[]\TU/lmtt/m/n/10 ## x1^(13) = (26.0 - (2.0)*-1.00000000 - (-1.0)*2.00000000 - 
(0.0)*2.00000000)/10.0 = 3.00000000[] 
 []


Overfull \hbox (8.766pt too wide) in paragraph at lines 24098--24098
[]\TU/lmtt/m/n/10 ## x2^(13) = (-15.0 - (1.0)*3.00000000 - (-2.0)*2.00000000 - 
(3.0)*2.00000000)/20.0 = -1.00000000[] 
 []


Overfull \hbox (3.516pt too wide) in paragraph at lines 24109--24109
[]\TU/lmtt/m/n/10 ## x3^(13) = (53.0 - (-2.0)*3.00000000 - (1.0)*-1.00000000 - 
(0.0)*2.00000000)/30.0 = 2.00000000[] 
 []

LaTeX Info: Redefining \. on input line 24152.
LaTeX Info: Redefining \% on input line 24152.
LaTeX Info: Redefining \. on input line 24152.
LaTeX Info: Redefining \% on input line 24152.
[252]
Overfull \hbox (3.516pt too wide) in paragraph at lines 24200--24200
[]\TU/lmtt/m/n/10 ## x1^(14) = (26.0 - (2.0)*-1.00000000 - (-1.0)*2.00000000 - 
(0.0)*2.00000000)/10.0 = 3.00000000[] 
 []


Overfull \hbox (8.766pt too wide) in paragraph at lines 24211--24211
[]\TU/lmtt/m/n/10 ## x2^(14) = (-15.0 - (1.0)*3.00000000 - (-2.0)*2.00000000 - 
(3.0)*2.00000000)/20.0 = -1.00000000[] 
 []


Overfull \hbox (3.516pt too wide) in paragraph at lines 24222--24222
[]\TU/lmtt/m/n/10 ## x3^(14) = (53.0 - (-2.0)*3.00000000 - (1.0)*-1.00000000 - 
(0.0)*2.00000000)/30.0 = 2.00000000[] 
 []

LaTeX Info: Redefining \. on input line 24277.
LaTeX Info: Redefining \% on input line 24277.
LaTeX Info: Redefining \. on input line 24277.
LaTeX Info: Redefining \% on input line 24277.
[253]
Overfull \hbox (3.516pt too wide) in paragraph at lines 24313--24313
[]\TU/lmtt/m/n/10 ## x1^(15) = (26.0 - (2.0)*-1.00000000 - (-1.0)*2.00000000 - 
(0.0)*2.00000000)/10.0 = 3.00000000[] 
 []


Overfull \hbox (8.766pt too wide) in paragraph at lines 24324--24324
[]\TU/lmtt/m/n/10 ## x2^(15) = (-15.0 - (1.0)*3.00000000 - (-2.0)*2.00000000 - 
(3.0)*2.00000000)/20.0 = -1.00000000[] 
 []


Overfull \hbox (3.516pt too wide) in paragraph at lines 24335--24335
[]\TU/lmtt/m/n/10 ## x3^(15) = (53.0 - (-2.0)*3.00000000 - (1.0)*-1.00000000 - 
(0.0)*2.00000000)/30.0 = 2.00000000[] 
 []

LaTeX Info: Redefining \. on input line 24402.
LaTeX Info: Redefining \% on input line 24402.
LaTeX Info: Redefining \. on input line 24402.
LaTeX Info: Redefining \% on input line 24402.
[254]
Overfull \hbox (3.516pt too wide) in paragraph at lines 24426--24426
[]\TU/lmtt/m/n/10 ## x1^(16) = (26.0 - (2.0)*-1.00000000 - (-1.0)*2.00000000 - 
(0.0)*2.00000000)/10.0 = 3.00000000[] 
 []


Overfull \hbox (8.766pt too wide) in paragraph at lines 24437--24437
[]\TU/lmtt/m/n/10 ## x2^(16) = (-15.0 - (1.0)*3.00000000 - (-2.0)*2.00000000 - 
(3.0)*2.00000000)/20.0 = -1.00000000[] 
 []


Overfull \hbox (3.516pt too wide) in paragraph at lines 24448--24448
[]\TU/lmtt/m/n/10 ## x3^(16) = (53.0 - (-2.0)*3.00000000 - (1.0)*-1.00000000 - 
(0.0)*2.00000000)/30.0 = 2.00000000[] 
 []

LaTeX Info: Redefining \. on input line 24529.
LaTeX Info: Redefining \% on input line 24529.
LaTeX Info: Redefining \. on input line 24529.
LaTeX Info: Redefining \% on input line 24529.
[255]
Overfull \hbox (3.516pt too wide) in paragraph at lines 24539--24539
[]\TU/lmtt/m/n/10 ## x1^(17) = (26.0 - (2.0)*-1.00000000 - (-1.0)*2.00000000 - 
(0.0)*2.00000000)/10.0 = 3.00000000[] 
 []


Overfull \hbox (8.766pt too wide) in paragraph at lines 24550--24550
[]\TU/lmtt/m/n/10 ## x2^(17) = (-15.0 - (1.0)*3.00000000 - (-2.0)*2.00000000 - 
(3.0)*2.00000000)/20.0 = -1.00000000[] 
 []


Overfull \hbox (3.516pt too wide) in paragraph at lines 24561--24561
[]\TU/lmtt/m/n/10 ## x3^(17) = (53.0 - (-2.0)*3.00000000 - (1.0)*-1.00000000 - 
(0.0)*2.00000000)/30.0 = 2.00000000[] 
 []

LaTeX Info: Redefining \. on input line 24650.
LaTeX Info: Redefining \% on input line 24650.
LaTeX Info: Redefining \. on input line 24650.
LaTeX Info: Redefining \% on input line 24650.
[256]
Overfull \hbox (3.516pt too wide) in paragraph at lines 24652--24652
[]\TU/lmtt/m/n/10 ## x1^(18) = (26.0 - (2.0)*-1.00000000 - (-1.0)*2.00000000 - 
(0.0)*2.00000000)/10.0 = 3.00000000[] 
 []


Overfull \hbox (8.766pt too wide) in paragraph at lines 24663--24663
[]\TU/lmtt/m/n/10 ## x2^(18) = (-15.0 - (1.0)*3.00000000 - (-2.0)*2.00000000 - 
(3.0)*2.00000000)/20.0 = -1.00000000[] 
 []


Overfull \hbox (3.516pt too wide) in paragraph at lines 24674--24674
[]\TU/lmtt/m/n/10 ## x3^(18) = (53.0 - (-2.0)*3.00000000 - (1.0)*-1.00000000 - 
(0.0)*2.00000000)/30.0 = 2.00000000[] 
 []


Overfull \hbox (3.516pt too wide) in paragraph at lines 24765--24765
[]\TU/lmtt/m/n/10 ## x1^(19) = (26.0 - (2.0)*-1.00000000 - (-1.0)*2.00000000 - 
(0.0)*2.00000000)/10.0 = 3.00000000[] 
 []


Overfull \hbox (8.766pt too wide) in paragraph at lines 24776--24776
[]\TU/lmtt/m/n/10 ## x2^(19) = (-15.0 - (1.0)*3.00000000 - (-2.0)*2.00000000 - 
(3.0)*2.00000000)/20.0 = -1.00000000[] 
 []

LaTeX Info: Redefining \. on input line 24776.
LaTeX Info: Redefining \% on input line 24776.
LaTeX Info: Redefining \. on input line 24776.
LaTeX Info: Redefining \% on input line 24776.
[257]
Overfull \hbox (3.516pt too wide) in paragraph at lines 24787--24787
[]\TU/lmtt/m/n/10 ## x3^(19) = (53.0 - (-2.0)*3.00000000 - (1.0)*-1.00000000 - 
(0.0)*2.00000000)/30.0 = 2.00000000[] 
 []


Overfull \hbox (3.516pt too wide) in paragraph at lines 24878--24878
[]\TU/lmtt/m/n/10 ## x1^(20) = (26.0 - (2.0)*-1.00000000 - (-1.0)*2.00000000 - 
(0.0)*2.00000000)/10.0 = 3.00000000[] 
 []


Overfull \hbox (8.766pt too wide) in paragraph at lines 24889--24889
[]\TU/lmtt/m/n/10 ## x2^(20) = (-15.0 - (1.0)*3.00000000 - (-2.0)*2.00000000 - 
(3.0)*2.00000000)/20.0 = -1.00000000[] 
 []


Overfull \hbox (3.516pt too wide) in paragraph at lines 24900--24900
[]\TU/lmtt/m/n/10 ## x3^(20) = (53.0 - (-2.0)*3.00000000 - (1.0)*-1.00000000 - 
(0.0)*2.00000000)/30.0 = 2.00000000[] 
 []

LaTeX Info: Redefining \. on input line 24902.
LaTeX Info: Redefining \% on input line 24902.
LaTeX Info: Redefining \. on input line 24902.
LaTeX Info: Redefining \% on input line 24902.
[258]
LaTeX Info: Redefining \. on input line 25041.
LaTeX Info: Redefining \% on input line 25041.
LaTeX Info: Redefining \. on input line 25041.
LaTeX Info: Redefining \% on input line 25041.
[259]
LaTeX Info: Redefining \. on input line 25174.
LaTeX Info: Redefining \% on input line 25174.
LaTeX Info: Redefining \. on input line 25174.
LaTeX Info: Redefining \% on input line 25174.
[260]
LaTeX Info: Redefining \. on input line 25268.
LaTeX Info: Redefining \% on input line 25268.
LaTeX Info: Redefining \. on input line 25268.
LaTeX Info: Redefining \% on input line 25268.
[261]
LaTeX Info: Redefining \. on input line 25392.
LaTeX Info: Redefining \% on input line 25392.
LaTeX Info: Redefining \. on input line 25392.
LaTeX Info: Redefining \% on input line 25392.
[262]
LaTeX Info: Redefining \. on input line 25510.
LaTeX Info: Redefining \% on input line 25510.
LaTeX Info: Redefining \. on input line 25510.
LaTeX Info: Redefining \% on input line 25510.
[263]
LaTeX Info: Redefining \. on input line 25634.
LaTeX Info: Redefining \% on input line 25634.
LaTeX Info: Redefining \. on input line 25634.
LaTeX Info: Redefining \% on input line 25634.
[264]
LaTeX Info: Redefining \. on input line 25760.
LaTeX Info: Redefining \% on input line 25760.
LaTeX Info: Redefining \. on input line 25760.
LaTeX Info: Redefining \% on input line 25760.
[265]
LaTeX Info: Redefining \. on input line 25878.
LaTeX Info: Redefining \% on input line 25878.
LaTeX Info: Redefining \. on input line 25878.
LaTeX Info: Redefining \% on input line 25878.
[266]
Overfull \hbox (8.766pt too wide) in paragraph at lines 25968--25968
[]\TU/lmtt/m/n/10 ## x1^(9) = (11.0 - (2.0)*-10989595.00000000 - (10.0)*-904437
.50000000 /-1.0 = -31023576.00000000[] 
 []

LaTeX Info: Redefining \. on input line 26002.
LaTeX Info: Redefining \% on input line 26002.
LaTeX Info: Redefining \. on input line 26002.
LaTeX Info: Redefining \% on input line 26002.
[267]
Overfull \hbox (14.016pt too wide) in paragraph at lines 26060--26060
[]\TU/lmtt/m/n/10 ## x1^(10) = (11.0 - (2.0)*31566014.00000000 - (10.0)*2595695
1.00000000 /-1.0 = 322701527.00000000[] 
 []


Overfull \hbox (19.266pt too wide) in paragraph at lines 26071--26071
[]\TU/lmtt/m/n/10 ## x2^(10) = (2.0 - (11.0)*-31023576.00000000 - (2.0)*2595695
1.00000000 /-1.0 = -289345436.00000000[] 
 []


Overfull \hbox (3.516pt too wide) in paragraph at lines 26082--26082
[]\TU/lmtt/m/n/10 ## x3^(10) = (8.0 - (1.0)*-31023576.00000000 - (5.0)*31566014
.00000000 /2.0 = -63403243.00000000[] 
 []

LaTeX Info: Redefining \. on input line 26128.
LaTeX Info: Redefining \% on input line 26128.
LaTeX Info: Redefining \. on input line 26128.
LaTeX Info: Redefining \% on input line 26128.
[268]
LaTeX Info: Redefining \. on input line 26216.
LaTeX Info: Redefining \% on input line 26216.
LaTeX Info: Redefining \. on input line 26216.
LaTeX Info: Redefining \% on input line 26216.
[269]
LaTeX Info: Redefining \. on input line 26336.
LaTeX Info: Redefining \% on input line 26336.
LaTeX Info: Redefining \. on input line 26336.
LaTeX Info: Redefining \% on input line 26336.
[270]
LaTeX Info: Redefining \. on input line 26460.
LaTeX Info: Redefining \% on input line 26460.
LaTeX Info: Redefining \. on input line 26460.
LaTeX Info: Redefining \% on input line 26460.
[271]
LaTeX Info: Redefining \. on input line 26578.
LaTeX Info: Redefining \% on input line 26578.
LaTeX Info: Redefining \. on input line 26578.
LaTeX Info: Redefining \% on input line 26578.
[272]
LaTeX Info: Redefining \. on input line 26693.
LaTeX Info: Redefining \% on input line 26693.
LaTeX Info: Redefining \. on input line 26693.
LaTeX Info: Redefining \% on input line 26693.
[273]
LaTeX Info: Redefining \. on input line 26818.
LaTeX Info: Redefining \% on input line 26818.
LaTeX Info: Redefining \. on input line 26818.
LaTeX Info: Redefining \% on input line 26818.
[274]
LaTeX Info: Redefining \. on input line 26942.
LaTeX Info: Redefining \% on input line 26942.
LaTeX Info: Redefining \. on input line 26942.
LaTeX Info: Redefining \% on input line 26942.
[275]
LaTeX Info: Redefining \. on input line 27059.
LaTeX Info: Redefining \% on input line 27059.
LaTeX Info: Redefining \. on input line 27059.
LaTeX Info: Redefining \% on input line 27059.
[276]
LaTeX Info: Redefining \. on input line 27184.
LaTeX Info: Redefining \% on input line 27184.
LaTeX Info: Redefining \. on input line 27184.
LaTeX Info: Redefining \% on input line 27184.
[277]
LaTeX Info: Redefining \. on input line 27302.
LaTeX Info: Redefining \% on input line 27302.
LaTeX Info: Redefining \. on input line 27302.
LaTeX Info: Redefining \% on input line 27302.
[278]
LaTeX Info: Redefining \. on input line 27418.
LaTeX Info: Redefining \% on input line 27418.
LaTeX Info: Redefining \. on input line 27418.
LaTeX Info: Redefining \% on input line 27418.
[279]
LaTeX Info: Redefining \. on input line 27542.
LaTeX Info: Redefining \% on input line 27542.
LaTeX Info: Redefining \. on input line 27542.
LaTeX Info: Redefining \% on input line 27542.
[280]
LaTeX Info: Redefining \. on input line 27668.
LaTeX Info: Redefining \% on input line 27668.
LaTeX Info: Redefining \. on input line 27668.
LaTeX Info: Redefining \% on input line 27668.
[281]
LaTeX Info: Redefining \. on input line 27786.
LaTeX Info: Redefining \% on input line 27786.
LaTeX Info: Redefining \. on input line 27786.
LaTeX Info: Redefining \% on input line 27786.
[282]
LaTeX Info: Redefining \. on input line 27910.
LaTeX Info: Redefining \% on input line 27910.
LaTeX Info: Redefining \. on input line 27910.
LaTeX Info: Redefining \% on input line 27910.
[283]
LaTeX Info: Redefining \. on input line 28036.
LaTeX Info: Redefining \% on input line 28036.
LaTeX Info: Redefining \. on input line 28036.
LaTeX Info: Redefining \% on input line 28036.
[284]
LaTeX Info: Redefining \. on input line 28154.
LaTeX Info: Redefining \% on input line 28154.
LaTeX Info: Redefining \. on input line 28154.
LaTeX Info: Redefining \% on input line 28154.
[285]
LaTeX Info: Redefining \. on input line 28276.
LaTeX Info: Redefining \% on input line 28276.
LaTeX Info: Redefining \. on input line 28276.
LaTeX Info: Redefining \% on input line 28276.
[286]
LaTeX Info: Redefining \. on input line 28400.
LaTeX Info: Redefining \% on input line 28400.
LaTeX Info: Redefining \. on input line 28400.
LaTeX Info: Redefining \% on input line 28400.
[287]
LaTeX Info: Redefining \. on input line 28524.
LaTeX Info: Redefining \% on input line 28524.
LaTeX Info: Redefining \. on input line 28524.
LaTeX Info: Redefining \% on input line 28524.
[288]
LaTeX Info: Redefining \. on input line 28664.
LaTeX Info: Redefining \% on input line 28664.
LaTeX Info: Redefining \. on input line 28664.
LaTeX Info: Redefining \% on input line 28664.
[289]
LaTeX Info: Redefining \. on input line 28808.
LaTeX Info: Redefining \% on input line 28808.
LaTeX Info: Redefining \. on input line 28808.
LaTeX Info: Redefining \% on input line 28808.
[290]
LaTeX Info: Redefining \. on input line 28880.
LaTeX Info: Redefining \% on input line 28880.
LaTeX Info: Redefining \. on input line 28880.
LaTeX Info: Redefining \% on input line 28880.
[291]
LaTeX Info: Redefining \. on input line 29006.
LaTeX Info: Redefining \% on input line 29006.
LaTeX Info: Redefining \. on input line 29006.
LaTeX Info: Redefining \% on input line 29006.
[292]
Overfull \hbox (3.516pt too wide) in paragraph at lines 29106--29106
[]\TU/lmtt/m/n/10 ## x1^(3) = (10.0 - (-1.0)*-3.50000000 - (1.0)*-1.25000000 - 
(3.0)*-3.00000000)/2.0 = 8.37500000[] 
 []


Overfull \hbox (3.516pt too wide) in paragraph at lines 29128--29128
[]\TU/lmtt/m/n/10 ## x3^(3) = (-5.0 - (-1.0)*4.25000000 - (-1.0)*-3.50000000 - 
(2.0)*-3.00000000)/2.0 = 0.87500000[] 
 []

LaTeX Info: Redefining \. on input line 29130.
LaTeX Info: Redefining \% on input line 29130.
LaTeX Info: Redefining \. on input line 29130.
LaTeX Info: Redefining \% on input line 29130.
[293]
LaTeX Info: Redefining \. on input line 29254.
LaTeX Info: Redefining \% on input line 29254.
LaTeX Info: Redefining \. on input line 29254.
LaTeX Info: Redefining \% on input line 29254.
[294]
Overfull \hbox (3.516pt too wide) in paragraph at lines 29354--29354
[]\TU/lmtt/m/n/10 ## x3^(5) = (-5.0 - (-1.0)*6.50000000 - (-1.0)*-7.62500000 - 
(2.0)*-4.68750000)/2.0 = 1.62500000[] 
 []

LaTeX Info: Redefining \. on input line 29379.
LaTeX Info: Redefining \% on input line 29379.
LaTeX Info: Redefining \. on input line 29379.
LaTeX Info: Redefining \% on input line 29379.
[295]
Overfull \hbox (8.766pt too wide) in paragraph at lines 29467--29467
[]\TU/lmtt/m/n/10 ## x3^(6) = (-5.0 - (-1.0)*6.68750000 - (-1.0)*-4.37500000 - 
(2.0)*-0.70312500)/2.0 = -0.64062500[] 
 []

LaTeX Info: Redefining \. on input line 29510.
LaTeX Info: Redefining \% on input line 29510.
LaTeX Info: Redefining \. on input line 29510.
LaTeX Info: Redefining \% on input line 29510.
[296]
Overfull \hbox (3.516pt too wide) in paragraph at lines 29558--29558
[]\TU/lmtt/m/n/10 ## x1^(7) = (10.0 - (-1.0)*-7.10937500 - (1.0)*-0.64062500 - 
(3.0)*-2.01562500)/2.0 = 4.78906250[] 
 []


Overfull \hbox (8.766pt too wide) in paragraph at lines 29580--29580
[]\TU/lmtt/m/n/10 ## x3^(7) = (-5.0 - (-1.0)*3.05468750 - (-1.0)*-7.10937500 - 
(2.0)*-2.01562500)/2.0 = -2.51171875[] 
 []

LaTeX Info: Redefining \. on input line 29635.
LaTeX Info: Redefining \% on input line 29635.
LaTeX Info: Redefining \. on input line 29635.
LaTeX Info: Redefining \% on input line 29635.
[297]
LaTeX Info: Redefining \. on input line 29760.
LaTeX Info: Redefining \% on input line 29760.
LaTeX Info: Redefining \. on input line 29760.
LaTeX Info: Redefining \% on input line 29760.
[298]
Overfull \hbox (3.516pt too wide) in paragraph at lines 29784--29784
[]\TU/lmtt/m/n/10 ## x1^(9) = (10.0 - (-1.0)*-2.60351562 - (1.0)*-0.88085938 - 
(3.0)*-2.74511719)/2.0 = 8.25634766[] 
 []


Overfull \hbox (3.516pt too wide) in paragraph at lines 29806--29806
[]\TU/lmtt/m/n/10 ## x3^(9) = (-5.0 - (-1.0)*5.06738281 - (-1.0)*-2.60351562 - 
(2.0)*-2.74511719)/2.0 = 1.47705078[] 
 []

LaTeX Info: Redefining \. on input line 29887.
LaTeX Info: Redefining \% on input line 29887.
LaTeX Info: Redefining \. on input line 29887.
LaTeX Info: Redefining \% on input line 29887.
[299]
Overfull \hbox (3.516pt too wide) in paragraph at lines 29897--29897
[]\TU/lmtt/m/n/10 ## x1^(10) = (10.0 - (-1.0)*-0.94140625 - (1.0)*1.47705078 - 
(3.0)*-1.86987305)/2.0 = 6.59558105[] 
 []


Overfull \hbox (8.766pt too wide) in paragraph at lines 29919--29919
[]\TU/lmtt/m/n/10 ## x3^(10) = (-5.0 - (-1.0)*8.25634766 - (-1.0)*-0.94140625 -
 (2.0)*-1.86987305)/2.0 = 3.02734375[] 
 []


Overfull \hbox (3.516pt too wide) in paragraph at lines 29930--29930
[]\TU/lmtt/m/n/10 ## x4^(10) = (6.0 - (3.0)*8.25634766 - (1.0)*-0.94140625 - (-
1.0)*-1.86987305)/4.0 = -4.08764648[] 
 []

LaTeX Info: Redefining \. on input line 30008.
LaTeX Info: Redefining \% on input line 30008.
LaTeX Info: Redefining \. on input line 30008.
LaTeX Info: Redefining \% on input line 30008.
[300]
Overfull \hbox (3.516pt too wide) in paragraph at lines 30010--30010
[]\TU/lmtt/m/n/10 ## x1^(11) = (10.0 - (-1.0)*-7.36352539 - (1.0)*3.02734375 - 
(3.0)*-4.08764648)/2.0 = 5.93603516[] 
 []


Overfull \hbox (8.766pt too wide) in paragraph at lines 30032--30032
[]\TU/lmtt/m/n/10 ## x3^(11) = (-5.0 - (-1.0)*6.59558105 - (-1.0)*-7.36352539 -
 (2.0)*-4.08764648)/2.0 = 1.20367432[] 
 []


Overfull \hbox (3.516pt too wide) in paragraph at lines 30043--30043
[]\TU/lmtt/m/n/10 ## x4^(11) = (6.0 - (3.0)*6.59558105 - (1.0)*-7.36352539 - (-
1.0)*-4.08764648)/4.0 = -0.84896851[] 
 []


Overfull \hbox (3.516pt too wide) in paragraph at lines 30123--30123
[]\TU/lmtt/m/n/10 ## x1^(12) = (10.0 - (-1.0)*-5.03527832 - (1.0)*1.20367432 - 
(3.0)*-0.84896851)/2.0 = 3.15397644[] 
 []

LaTeX Info: Redefining \. on input line 30134.
LaTeX Info: Redefining \% on input line 30134.
LaTeX Info: Redefining \. on input line 30134.
LaTeX Info: Redefining \% on input line 30134.
[301]
Overfull \hbox (14.016pt too wide) in paragraph at lines 30145--30145
[]\TU/lmtt/m/n/10 ## x3^(12) = (-5.0 - (-1.0)*5.93603516 - (-1.0)*-5.03527832 -
 (2.0)*-0.84896851)/2.0 = -1.20065308[] 
 []


Overfull \hbox (3.516pt too wide) in paragraph at lines 30156--30156
[]\TU/lmtt/m/n/10 ## x4^(12) = (6.0 - (3.0)*5.93603516 - (1.0)*-5.03527832 - (-
1.0)*-0.84896851)/4.0 = -1.39228821[] 
 []


Overfull \hbox (8.766pt too wide) in paragraph at lines 30236--30236
[]\TU/lmtt/m/n/10 ## x1^(13) = (10.0 - (-1.0)*-5.79074097 - (1.0)*-1.20065308 -
 (3.0)*-1.39228821)/2.0 = 4.79338837[] 
 []


Overfull \hbox (14.016pt too wide) in paragraph at lines 30258--30258
[]\TU/lmtt/m/n/10 ## x3^(13) = (-5.0 - (-1.0)*3.15397644 - (-1.0)*-5.79074097 -
 (2.0)*-1.39228821)/2.0 = -2.42609406[] 
 []

LaTeX Info: Redefining \. on input line 30260.
LaTeX Info: Redefining \% on input line 30260.
LaTeX Info: Redefining \. on input line 30260.
LaTeX Info: Redefining \% on input line 30260.
[302]
Overfull \hbox (3.516pt too wide) in paragraph at lines 30349--30349
[]\TU/lmtt/m/n/10 ## x1^(14) = (10.0 - (-1.0)*-0.06103516 - (1.0)*-2.42609406 -
 (3.0)*0.28203964)/2.0 = 5.75946999[] 
 []


Overfull \hbox (8.766pt too wide) in paragraph at lines 30371--30371
[]\TU/lmtt/m/n/10 ## x3^(14) = (-5.0 - (-1.0)*4.79338837 - (-1.0)*-0.06103516 -
 (2.0)*0.28203964)/2.0 = -0.41586304[] 
 []

LaTeX Info: Redefining \. on input line 30384.
LaTeX Info: Redefining \% on input line 30384.
LaTeX Info: Redefining \. on input line 30384.
LaTeX Info: Redefining \% on input line 30384.
[303]
Overfull \hbox (8.766pt too wide) in paragraph at lines 30462--30462
[]\TU/lmtt/m/n/10 ## x1^(15) = (10.0 - (-1.0)*-2.14933395 - (1.0)*-0.41586304 -
 (3.0)*-2.68630600)/2.0 = 8.16272354[] 
 []


Overfull \hbox (8.766pt too wide) in paragraph at lines 30484--30484
[]\TU/lmtt/m/n/10 ## x3^(15) = (-5.0 - (-1.0)*5.75946999 - (-1.0)*-2.14933395 -
 (2.0)*-2.68630600)/2.0 = 1.99137402[] 
 []


Overfull \hbox (3.516pt too wide) in paragraph at lines 30495--30495
[]\TU/lmtt/m/n/10 ## x4^(15) = (6.0 - (3.0)*5.75946999 - (1.0)*-2.14933395 - (-
1.0)*-2.68630600)/4.0 = -2.38623476[] 
 []

LaTeX Info: Redefining \. on input line 30509.
LaTeX Info: Redefining \% on input line 30509.
LaTeX Info: Redefining \. on input line 30509.
LaTeX Info: Redefining \% on input line 30509.
[304]
Overfull \hbox (3.516pt too wide) in paragraph at lines 30575--30575
[]\TU/lmtt/m/n/10 ## x1^(16) = (10.0 - (-1.0)*-2.15730095 - (1.0)*1.99137402 - 
(3.0)*-2.38623476)/2.0 = 6.50501466[] 
 []


Overfull \hbox (8.766pt too wide) in paragraph at lines 30597--30597
[]\TU/lmtt/m/n/10 ## x3^(16) = (-5.0 - (-1.0)*8.16272354 - (-1.0)*-2.15730095 -
 (2.0)*-2.38623476)/2.0 = 2.88894606[] 
 []


Overfull \hbox (3.516pt too wide) in paragraph at lines 30608--30608
[]\TU/lmtt/m/n/10 ## x4^(16) = (6.0 - (3.0)*8.16272354 - (1.0)*-2.15730095 - (-
1.0)*-2.38623476)/4.0 = -3.58487391[] 
 []

LaTeX Info: Redefining \. on input line 30640.
LaTeX Info: Redefining \% on input line 30640.
LaTeX Info: Redefining \. on input line 30640.
LaTeX Info: Redefining \% on input line 30640.
[305]
Overfull \hbox (3.516pt too wide) in paragraph at lines 30688--30688
[]\TU/lmtt/m/n/10 ## x1^(17) = (10.0 - (-1.0)*-7.26786280 - (1.0)*2.88894606 - 
(3.0)*-3.58487391)/2.0 = 5.29890645[] 
 []


Overfull \hbox (8.766pt too wide) in paragraph at lines 30710--30710
[]\TU/lmtt/m/n/10 ## x3^(17) = (-5.0 - (-1.0)*6.50501466 - (-1.0)*-7.26786280 -
 (2.0)*-3.58487391)/2.0 = 0.70344985[] 
 []


Overfull \hbox (3.516pt too wide) in paragraph at lines 30721--30721
[]\TU/lmtt/m/n/10 ## x4^(17) = (6.0 - (3.0)*6.50501466 - (1.0)*-7.26786280 - (-
1.0)*-3.58487391)/4.0 = -0.83955878[] 
 []

LaTeX Info: Redefining \. on input line 30765.
LaTeX Info: Redefining \% on input line 30765.
LaTeX Info: Redefining \. on input line 30765.
LaTeX Info: Redefining \% on input line 30765.
[306]
Overfull \hbox (3.516pt too wide) in paragraph at lines 30801--30801
[]\TU/lmtt/m/n/10 ## x1^(18) = (10.0 - (-1.0)*-5.30908680 - (1.0)*0.70344985 - 
(3.0)*-0.83955878)/2.0 = 3.25306985[] 
 []


Overfull \hbox (14.016pt too wide) in paragraph at lines 30823--30823
[]\TU/lmtt/m/n/10 ## x3^(18) = (-5.0 - (-1.0)*5.29890645 - (-1.0)*-5.30908680 -
 (2.0)*-0.83955878)/2.0 = -1.66553140[] 
 []


Overfull \hbox (3.516pt too wide) in paragraph at lines 30834--30834
[]\TU/lmtt/m/n/10 ## x4^(18) = (6.0 - (3.0)*5.29890645 - (1.0)*-5.30908680 - (-
1.0)*-0.83955878)/4.0 = -0.97104567[] 
 []

LaTeX Info: Redefining \. on input line 30890.
LaTeX Info: Redefining \% on input line 30890.
LaTeX Info: Redefining \. on input line 30890.
LaTeX Info: Redefining \% on input line 30890.
[307]
Overfull \hbox (8.766pt too wide) in paragraph at lines 30914--30914
[]\TU/lmtt/m/n/10 ## x1^(19) = (10.0 - (-1.0)*-4.66279751 - (1.0)*-1.66553140 -
 (3.0)*-0.97104567)/2.0 = 4.95793545[] 
 []


Overfull \hbox (14.016pt too wide) in paragraph at lines 30936--30936
[]\TU/lmtt/m/n/10 ## x3^(19) = (-5.0 - (-1.0)*3.25306985 - (-1.0)*-4.66279751 -
 (2.0)*-0.97104567)/2.0 = -2.23381816[] 
 []


Overfull \hbox (3.516pt too wide) in paragraph at lines 30947--30947
[]\TU/lmtt/m/n/10 ## x4^(19) = (6.0 - (3.0)*3.25306985 - (1.0)*-4.66279751 - (-
1.0)*-0.97104567)/4.0 = -0.19048586[] 
 []

LaTeX Info: Redefining \. on input line 31017.
LaTeX Info: Redefining \% on input line 31017.
LaTeX Info: Redefining \. on input line 31017.
LaTeX Info: Redefining \% on input line 31017.
[308]
Overfull \hbox (8.766pt too wide) in paragraph at lines 31027--31027
[]\TU/lmtt/m/n/10 ## x1^(20) = (10.0 - (-1.0)*-0.11649278 - (1.0)*-2.23381816 -
 (3.0)*-0.19048586)/2.0 = 6.34439148[] 
 []


Overfull \hbox (8.766pt too wide) in paragraph at lines 31049--31049
[]\TU/lmtt/m/n/10 ## x3^(20) = (-5.0 - (-1.0)*4.95793545 - (-1.0)*-0.11649278 -
 (2.0)*-0.19048586)/2.0 = 0.11120719[] 
 []


Overfull \hbox (3.516pt too wide) in paragraph at lines 31060--31060
[]\TU/lmtt/m/n/10 ## x4^(20) = (6.0 - (3.0)*4.95793545 - (1.0)*-0.11649278 - (-
1.0)*-0.19048586)/4.0 = -2.74778293[] 
 []

LaTeX Info: Redefining \. on input line 31144.
LaTeX Info: Redefining \% on input line 31144.
LaTeX Info: Redefining \. on input line 31144.
LaTeX Info: Redefining \% on input line 31144.
[309]
LaTeX Info: Redefining \. on input line 31216.
LaTeX Info: Redefining \% on input line 31216.
LaTeX Info: Redefining \. on input line 31216.
LaTeX Info: Redefining \% on input line 31216.
[310]
LaTeX Info: Redefining \. on input line 31342.
LaTeX Info: Redefining \% on input line 31342.
LaTeX Info: Redefining \. on input line 31342.
LaTeX Info: Redefining \% on input line 31342.
[311]
LaTeX Info: Redefining \. on input line 31466.
LaTeX Info: Redefining \% on input line 31466.
LaTeX Info: Redefining \. on input line 31466.
LaTeX Info: Redefining \% on input line 31466.
[312]
Overfull \hbox (3.516pt too wide) in paragraph at lines 31577--31577
[]\TU/lmtt/m/n/10 ## x3^(4) = (1.0 - (1.0)*1.57407407 - (1.0)*-2.11111111 - (9.
0)*-3.33333333)/-1.0 = -31.53703704[] 
 []

LaTeX Info: Redefining \. on input line 31590.
LaTeX Info: Redefining \% on input line 31590.
LaTeX Info: Redefining \. on input line 31590.
LaTeX Info: Redefining \% on input line 31590.
[313]
Overfull \hbox (3.516pt too wide) in paragraph at lines 31668--31668
[]\TU/lmtt/m/n/10 ## x1^(5) = (5.0 - (1.0)*1.91666667 - (1.0)*-31.53703704 - (-
1.0)*-17.23456790)/3.0 = 5.79526749[] 
 []


Overfull \hbox (8.766pt too wide) in paragraph at lines 31679--31679
[]\TU/lmtt/m/n/10 ## x2^(5) = (0.0 - (0.0)*-1.90740741 - (1.0)*-31.53703704 - (
4.0)*-17.23456790)/2.0 = 50.23765432[] 
 []


Overfull \hbox (14.016pt too wide) in paragraph at lines 31690--31690
[]\TU/lmtt/m/n/10 ## x3^(5) = (1.0 - (1.0)*-1.90740741 - (1.0)*1.91666667 - (9.
0)*-17.23456790)/-1.0 = -156.10185185[] 
 []

LaTeX Info: Redefining \. on input line 31715.
LaTeX Info: Redefining \% on input line 31715.
LaTeX Info: Redefining \. on input line 31715.
LaTeX Info: Redefining \% on input line 31715.
[314]
Overfull \hbox (14.016pt too wide) in paragraph at lines 31781--31781
[]\TU/lmtt/m/n/10 ## x1^(6) = (5.0 - (1.0)*50.23765432 - (1.0)*-156.10185185 - 
(-1.0)*61.79012346)/3.0 = 57.55144033[] 
 []


Overfull \hbox (8.766pt too wide) in paragraph at lines 31792--31792
[]\TU/lmtt/m/n/10 ## x2^(6) = (0.0 - (0.0)*5.79526749 - (1.0)*-156.10185185 - (
4.0)*61.79012346)/2.0 = -45.52932099[] 
 []


Overfull \hbox (3.516pt too wide) in paragraph at lines 31803--31803
[]\TU/lmtt/m/n/10 ## x3^(6) = (1.0 - (1.0)*5.79526749 - (1.0)*50.23765432 - (9.
0)*61.79012346)/-1.0 = 611.14403292[] 
 []

LaTeX Info: Redefining \. on input line 31846.
LaTeX Info: Redefining \% on input line 31846.
LaTeX Info: Redefining \. on input line 31846.
LaTeX Info: Redefining \% on input line 31846.
[315]
Overfull \hbox (29.766pt too wide) in paragraph at lines 31894--31894
[]\TU/lmtt/m/n/10 ## x1^(7) = (5.0 - (1.0)*-45.52932099 - (1.0)*611.14403292 - 
(-1.0)*241.35665295)/3.0 = -106.41935299[] 
 []


Overfull \hbox (19.266pt too wide) in paragraph at lines 31905--31905
[]\TU/lmtt/m/n/10 ## x2^(7) = (0.0 - (0.0)*57.55144033 - (1.0)*611.14403292 - (
4.0)*241.35665295)/2.0 = -788.28532236[] 
 []


Overfull \hbox (24.516pt too wide) in paragraph at lines 31916--31916
[]\TU/lmtt/m/n/10 ## x3^(7) = (1.0 - (1.0)*57.55144033 - (1.0)*-45.52932099 - (
9.0)*241.35665295)/-1.0 = 2183.23199588[] 
 []


Overfull \hbox (24.516pt too wide) in paragraph at lines 31927--31927
[]\TU/lmtt/m/n/10 ## x4^(7) = (0.0 - (2.0)*57.55144033 - (4.0)*-45.52932099 - (
6.0)*241.35665295)/3.0 = -1199.94993141[] 
 []

LaTeX Info: Redefining \. on input line 31971.
LaTeX Info: Redefining \% on input line 31971.
LaTeX Info: Redefining \. on input line 31971.
LaTeX Info: Redefining \% on input line 31971.
[316]
Overfull \hbox (50.766pt too wide) in paragraph at lines 32007--32007
[]\TU/lmtt/m/n/10 ## x1^(8) = (5.0 - (1.0)*-788.28532236 - (1.0)*2183.23199588 
- (-1.0)*-1199.94993141)/3.0 = -863.29886831[] 
 []


Overfull \hbox (45.516pt too wide) in paragraph at lines 32018--32018
[]\TU/lmtt/m/n/10 ## x2^(8) = (0.0 - (0.0)*-106.41935299 - (1.0)*2183.23199588 
- (4.0)*-1199.94993141)/2.0 = 1308.28386488[] 
 []


Overfull \hbox (61.266pt too wide) in paragraph at lines 32029--32029
[]\TU/lmtt/m/n/10 ## x3^(8) = (1.0 - (1.0)*-106.41935299 - (1.0)*-788.28532236 
- (9.0)*-1199.94993141)/-1.0 = -11695.25405807[] 
 []


Overfull \hbox (50.766pt too wide) in paragraph at lines 32040--32040
[]\TU/lmtt/m/n/10 ## x4^(8) = (0.0 - (2.0)*-106.41935299 - (4.0)*-788.28532236 
- (6.0)*-1199.94993141)/3.0 = -3244.47065996[] 
 []

LaTeX Info: Redefining \. on input line 32096.
LaTeX Info: Redefining \% on input line 32096.
LaTeX Info: Redefining \. on input line 32096.
LaTeX Info: Redefining \% on input line 32096.
[317]
Overfull \hbox (61.266pt too wide) in paragraph at lines 32120--32120
[]\TU/lmtt/m/n/10 ## x1^(9) = (5.0 - (1.0)*1308.28386488 - (1.0)*-11695.2540580
7 - (-1.0)*-3244.47065996)/3.0 = 2382.49984441[] 
 []


Overfull \hbox (61.266pt too wide) in paragraph at lines 32131--32131
[]\TU/lmtt/m/n/10 ## x2^(9) = (0.0 - (0.0)*-863.29886831 - (1.0)*-11695.2540580
7 - (4.0)*-3244.47065996)/2.0 = 12336.56834896[] 
 []


Overfull \hbox (61.266pt too wide) in paragraph at lines 32142--32142
[]\TU/lmtt/m/n/10 ## x3^(9) = (1.0 - (1.0)*-863.29886831 - (1.0)*1308.28386488 
- (9.0)*-3244.47065996)/-1.0 = -28756.25094307[] 
 []


Overfull \hbox (50.766pt too wide) in paragraph at lines 32153--32153
[]\TU/lmtt/m/n/10 ## x4^(9) = (0.0 - (2.0)*-863.29886831 - (4.0)*1308.28386488 
- (6.0)*-3244.47065996)/3.0 = 22221.66220850[] 
 []

LaTeX Info: Redefining \. on input line 32223.
LaTeX Info: Redefining \% on input line 32223.
LaTeX Info: Redefining \. on input line 32223.
LaTeX Info: Redefining \% on input line 32223.
[318]
Overfull \hbox (77.016pt too wide) in paragraph at lines 32233--32233
[]\TU/lmtt/m/n/10 ## x1^(10) = (5.0 - (1.0)*12336.56834896 - (1.0)*-28756.25094
307 - (-1.0)*22221.66220850)/3.0 = 12882.11493421[] 
 []


Overfull \hbox (71.766pt too wide) in paragraph at lines 32244--32244
[]\TU/lmtt/m/n/10 ## x2^(10) = (0.0 - (0.0)*2382.49984441 - (1.0)*-28756.250943
07 - (4.0)*22221.66220850)/2.0 = -30065.19894547[] 
 []


Overfull \hbox (71.766pt too wide) in paragraph at lines 32255--32255
[]\TU/lmtt/m/n/10 ## x3^(10) = (1.0 - (1.0)*2382.49984441 - (1.0)*12336.5683489
6 - (9.0)*22221.66220850)/-1.0 = 214713.02806991[] 
 []


Overfull \hbox (61.266pt too wide) in paragraph at lines 32266--32266
[]\TU/lmtt/m/n/10 ## x4^(10) = (0.0 - (2.0)*2382.49984441 - (4.0)*12336.5683489
6 - (6.0)*22221.66220850)/3.0 = 39475.41085793[] 
 []

LaTeX Info: Redefining \. on input line 32348.
LaTeX Info: Redefining \% on input line 32348.
LaTeX Info: Redefining \. on input line 32348.
LaTeX Info: Redefining \% on input line 32348.
[319]
LaTeX Info: Redefining \. on input line 32419.
LaTeX Info: Redefining \% on input line 32419.
LaTeX Info: Redefining \. on input line 32419.
LaTeX Info: Redefining \% on input line 32419.
[320]
Overfull \hbox (8.766pt too wide) in paragraph at lines 32439--32439
[]\TU/lmtt/m/n/10 ## x3^(1) = (-11.0 - (2.0)*0.00000000 - (-1.0)*0.00000000 - (
-1.0)*0.00000000)/10.0 = -1.10000000[] 
 []


Overfull \hbox (3.516pt too wide) in paragraph at lines 32541--32541
[]\TU/lmtt/m/n/10 ## x2^(2) = (25.0 - (-1.0)*0.60000000 - (-1.0)*-1.10000000 - 
(3.0)*1.87500000)/11.0 = 1.71590909[] 
 []

LaTeX Info: Redefining \. on input line 32543.
LaTeX Info: Redefining \% on input line 32543.
LaTeX Info: Redefining \. on input line 32543.
LaTeX Info: Redefining \% on input line 32543.
[321]
Overfull \hbox (8.766pt too wide) in paragraph at lines 32552--32552
[]\TU/lmtt/m/n/10 ## x3^(2) = (-11.0 - (2.0)*0.60000000 - (-1.0)*2.27272727 - (
-1.0)*1.87500000)/10.0 = -0.80522727[] 
 []


Overfull \hbox (3.516pt too wide) in paragraph at lines 32654--32654
[]\TU/lmtt/m/n/10 ## x2^(3) = (25.0 - (-1.0)*1.04727273 - (-1.0)*-0.80522727 - 
(3.0)*1.16931818)/11.0 = 1.97582645[] 
 []


Overfull \hbox (8.766pt too wide) in paragraph at lines 32665--32665
[]\TU/lmtt/m/n/10 ## x3^(3) = (-11.0 - (2.0)*1.04727273 - (-1.0)*1.71590909 - (
-1.0)*1.16931818)/10.0 = -1.02093182[] 
 []

LaTeX Info: Redefining \. on input line 32667.
LaTeX Info: Redefining \% on input line 32667.
LaTeX Info: Redefining \. on input line 32667.
LaTeX Info: Redefining \% on input line 32667.
[322]
Overfull \hbox (3.516pt too wide) in paragraph at lines 32767--32767
[]\TU/lmtt/m/n/10 ## x2^(4) = (25.0 - (-1.0)*0.93263636 - (-1.0)*-1.02093182 - 
(3.0)*1.34536932)/11.0 = 1.89778151[] 
 []


Overfull \hbox (8.766pt too wide) in paragraph at lines 32778--32778
[]\TU/lmtt/m/n/10 ## x3^(4) = (-11.0 - (2.0)*0.93263636 - (-1.0)*1.97582645 - (
-1.0)*1.34536932)/10.0 = -0.95440770[] 
 []

LaTeX Info: Redefining \. on input line 32791.
LaTeX Info: Redefining \% on input line 32791.
LaTeX Info: Redefining \. on input line 32791.
LaTeX Info: Redefining \% on input line 32791.
[323]
Overfull \hbox (3.516pt too wide) in paragraph at lines 32880--32880
[]\TU/lmtt/m/n/10 ## x2^(5) = (25.0 - (-1.0)*1.00176901 - (-1.0)*-0.95440770 - 
(3.0)*1.25342691)/11.0 = 1.93518914[] 
 []


Overfull \hbox (8.766pt too wide) in paragraph at lines 32891--32891
[]\TU/lmtt/m/n/10 ## x3^(5) = (-11.0 - (2.0)*1.00176901 - (-1.0)*1.89778151 - (
-1.0)*1.25342691)/10.0 = -0.98523296[] 
 []

LaTeX Info: Redefining \. on input line 32916.
LaTeX Info: Redefining \% on input line 32916.
LaTeX Info: Redefining \. on input line 32916.
LaTeX Info: Redefining \% on input line 32916.
[324]
Overfull \hbox (3.516pt too wide) in paragraph at lines 32993--32993
[]\TU/lmtt/m/n/10 ## x2^(6) = (25.0 - (-1.0)*0.98065969 - (-1.0)*-0.98523296 - 
(3.0)*1.28125366)/11.0 = 1.92287870[] 
 []


Overfull \hbox (8.766pt too wide) in paragraph at lines 33004--33004
[]\TU/lmtt/m/n/10 ## x3^(6) = (-11.0 - (2.0)*0.98065969 - (-1.0)*1.93518914 - (
-1.0)*1.28125366)/10.0 = -0.97448766[] 
 []

LaTeX Info: Redefining \. on input line 33047.
LaTeX Info: Redefining \% on input line 33047.
LaTeX Info: Redefining \. on input line 33047.
LaTeX Info: Redefining \% on input line 33047.
[325]
Overfull \hbox (3.516pt too wide) in paragraph at lines 33106--33106
[]\TU/lmtt/m/n/10 ## x2^(7) = (25.0 - (-1.0)*0.99056551 - (-1.0)*-0.97448766 - 
(3.0)*1.26804859)/11.0 = 1.92835746[] 
 []


Overfull \hbox (8.766pt too wide) in paragraph at lines 33117--33117
[]\TU/lmtt/m/n/10 ## x3^(7) = (-11.0 - (2.0)*0.99056551 - (-1.0)*1.92287870 - (
-1.0)*1.26804859)/10.0 = -0.97902037[] 
 []

LaTeX Info: Redefining \. on input line 33172.
LaTeX Info: Redefining \% on input line 33172.
LaTeX Info: Redefining \. on input line 33172.
LaTeX Info: Redefining \% on input line 33172.
[326]
Overfull \hbox (3.516pt too wide) in paragraph at lines 33219--33219
[]\TU/lmtt/m/n/10 ## x2^(8) = (25.0 - (-1.0)*0.98718540 - (-1.0)*-0.97902037 - 
(3.0)*1.27246937)/11.0 = 1.92643245[] 
 []


Overfull \hbox (8.766pt too wide) in paragraph at lines 33230--33230
[]\TU/lmtt/m/n/10 ## x3^(8) = (-11.0 - (2.0)*0.98718540 - (-1.0)*1.92835746 - (
-1.0)*1.27246937)/10.0 = -0.97735440[] 
 []

LaTeX Info: Redefining \. on input line 33297.
LaTeX Info: Redefining \% on input line 33297.
LaTeX Info: Redefining \. on input line 33297.
LaTeX Info: Redefining \% on input line 33297.
[327]
Overfull \hbox (3.516pt too wide) in paragraph at lines 33332--33332
[]\TU/lmtt/m/n/10 ## x2^(9) = (25.0 - (-1.0)*0.98863982 - (-1.0)*-0.97735440 - 
(3.0)*1.27053309)/11.0 = 1.92724420[] 
 []


Overfull \hbox (8.766pt too wide) in paragraph at lines 33343--33343
[]\TU/lmtt/m/n/10 ## x3^(9) = (-11.0 - (2.0)*0.98863982 - (-1.0)*1.92643245 - (
-1.0)*1.27053309)/10.0 = -0.97803141[] 
 []

LaTeX Info: Redefining \. on input line 33424.
LaTeX Info: Redefining \% on input line 33424.
LaTeX Info: Redefining \. on input line 33424.
LaTeX Info: Redefining \% on input line 33424.
[328]
Overfull \hbox (8.766pt too wide) in paragraph at lines 33445--33445
[]\TU/lmtt/m/n/10 ## x2^(10) = (25.0 - (-1.0)*0.98811412 - (-1.0)*-0.97803141 -
 (3.0)*1.27122259)/11.0 = 1.92694681[] 
 []


Overfull \hbox (14.016pt too wide) in paragraph at lines 33456--33456
[]\TU/lmtt/m/n/10 ## x3^(10) = (-11.0 - (2.0)*0.98811412 - (-1.0)*1.92724420 - 
(-1.0)*1.27122259)/10.0 = -0.97777615[] 
 []

LaTeX Info: Redefining \. on input line 33545.
LaTeX Info: Redefining \% on input line 33545.
LaTeX Info: Redefining \. on input line 33545.
LaTeX Info: Redefining \% on input line 33545.
[329]
Overfull \hbox (8.766pt too wide) in paragraph at lines 33558--33558
[]\TU/lmtt/m/n/10 ## x2^(11) = (25.0 - (-1.0)*0.98833070 - (-1.0)*-0.97777615 -
 (3.0)*1.27093502)/11.0 = 1.92706813[] 
 []


Overfull \hbox (14.016pt too wide) in paragraph at lines 33569--33569
[]\TU/lmtt/m/n/10 ## x3^(11) = (-11.0 - (2.0)*0.98833070 - (-1.0)*1.92694681 - 
(-1.0)*1.27093502)/10.0 = -0.97787796[] 
 []


Overfull \hbox (8.766pt too wide) in paragraph at lines 33671--33671
[]\TU/lmtt/m/n/10 ## x2^(12) = (25.0 - (-1.0)*0.98824991 - (-1.0)*-0.97787796 -
 (3.0)*1.27104128)/11.0 = 1.92702256[] 
 []

LaTeX Info: Redefining \. on input line 33671.
LaTeX Info: Redefining \% on input line 33671.
LaTeX Info: Redefining \. on input line 33671.
LaTeX Info: Redefining \% on input line 33671.
[330]
Overfull \hbox (14.016pt too wide) in paragraph at lines 33682--33682
[]\TU/lmtt/m/n/10 ## x3^(12) = (-11.0 - (2.0)*0.98824991 - (-1.0)*1.92706813 - 
(-1.0)*1.27104128)/10.0 = -0.97783904[] 
 []


Overfull \hbox (8.766pt too wide) in paragraph at lines 33784--33784
[]\TU/lmtt/m/n/10 ## x2^(13) = (25.0 - (-1.0)*0.98828240 - (-1.0)*-0.97783904 -
 (3.0)*1.27099822)/11.0 = 1.92704079[] 
 []


Overfull \hbox (14.016pt too wide) in paragraph at lines 33795--33795
[]\TU/lmtt/m/n/10 ## x3^(13) = (-11.0 - (2.0)*0.98828240 - (-1.0)*1.92702256 - 
(-1.0)*1.27099822)/10.0 = -0.97785440[] 
 []

LaTeX Info: Redefining \. on input line 33797.
LaTeX Info: Redefining \% on input line 33797.
LaTeX Info: Redefining \. on input line 33797.
LaTeX Info: Redefining \% on input line 33797.
[331]
Overfull \hbox (8.766pt too wide) in paragraph at lines 33897--33897
[]\TU/lmtt/m/n/10 ## x2^(14) = (25.0 - (-1.0)*0.98827006 - (-1.0)*-0.97785440 -
 (3.0)*1.27101448)/11.0 = 1.92703384[] 
 []


Overfull \hbox (14.016pt too wide) in paragraph at lines 33908--33908
[]\TU/lmtt/m/n/10 ## x3^(14) = (-11.0 - (2.0)*0.98827006 - (-1.0)*1.92704079 - 
(-1.0)*1.27101448)/10.0 = -0.97784849[] 
 []

LaTeX Info: Redefining \. on input line 33921.
LaTeX Info: Redefining \% on input line 33921.
LaTeX Info: Redefining \. on input line 33921.
LaTeX Info: Redefining \% on input line 33921.
[332]
Overfull \hbox (8.766pt too wide) in paragraph at lines 34010--34010
[]\TU/lmtt/m/n/10 ## x2^(15) = (25.0 - (-1.0)*0.98827496 - (-1.0)*-0.97784849 -
 (3.0)*1.27100800)/11.0 = 1.92703659[] 
 []


Overfull \hbox (14.016pt too wide) in paragraph at lines 34021--34021
[]\TU/lmtt/m/n/10 ## x3^(15) = (-11.0 - (2.0)*0.98827496 - (-1.0)*1.92703384 - 
(-1.0)*1.27100800)/10.0 = -0.97785081[] 
 []

LaTeX Info: Redefining \. on input line 34046.
LaTeX Info: Redefining \% on input line 34046.
LaTeX Info: Redefining \. on input line 34046.
LaTeX Info: Redefining \% on input line 34046.
[333]
Overfull \hbox (8.766pt too wide) in paragraph at lines 34123--34123
[]\TU/lmtt/m/n/10 ## x2^(16) = (25.0 - (-1.0)*0.98827308 - (-1.0)*-0.97785081 -
 (3.0)*1.27101048)/11.0 = 1.92703553[] 
 []


Overfull \hbox (14.016pt too wide) in paragraph at lines 34134--34134
[]\TU/lmtt/m/n/10 ## x3^(16) = (-11.0 - (2.0)*0.98827308 - (-1.0)*1.92703659 - 
(-1.0)*1.27101048)/10.0 = -0.97784991[] 
 []

LaTeX Info: Redefining \. on input line 34177.
LaTeX Info: Redefining \% on input line 34177.
LaTeX Info: Redefining \. on input line 34177.
LaTeX Info: Redefining \% on input line 34177.
[334]
Overfull \hbox (8.766pt too wide) in paragraph at lines 34236--34236
[]\TU/lmtt/m/n/10 ## x2^(17) = (25.0 - (-1.0)*0.98827382 - (-1.0)*-0.97784991 -
 (3.0)*1.27100950)/11.0 = 1.92703595[] 
 []


Overfull \hbox (14.016pt too wide) in paragraph at lines 34247--34247
[]\TU/lmtt/m/n/10 ## x3^(17) = (-11.0 - (2.0)*0.98827382 - (-1.0)*1.92703553 - 
(-1.0)*1.27100950)/10.0 = -0.97785026[] 
 []

LaTeX Info: Redefining \. on input line 34302.
LaTeX Info: Redefining \% on input line 34302.
LaTeX Info: Redefining \. on input line 34302.
LaTeX Info: Redefining \% on input line 34302.
[335]
Overfull \hbox (8.766pt too wide) in paragraph at lines 34349--34349
[]\TU/lmtt/m/n/10 ## x2^(18) = (25.0 - (-1.0)*0.98827353 - (-1.0)*-0.97785026 -
 (3.0)*1.27100988)/11.0 = 1.92703579[] 
 []


Overfull \hbox (14.016pt too wide) in paragraph at lines 34360--34360
[]\TU/lmtt/m/n/10 ## x3^(18) = (-11.0 - (2.0)*0.98827353 - (-1.0)*1.92703595 - 
(-1.0)*1.27100988)/10.0 = -0.97785012[] 
 []

LaTeX Info: Redefining \. on input line 34427.
LaTeX Info: Redefining \% on input line 34427.
LaTeX Info: Redefining \. on input line 34427.
LaTeX Info: Redefining \% on input line 34427.
[336]
Overfull \hbox (8.766pt too wide) in paragraph at lines 34462--34462
[]\TU/lmtt/m/n/10 ## x2^(19) = (25.0 - (-1.0)*0.98827365 - (-1.0)*-0.97785012 -
 (3.0)*1.27100973)/11.0 = 1.92703585[] 
 []


Overfull \hbox (14.016pt too wide) in paragraph at lines 34473--34473
[]\TU/lmtt/m/n/10 ## x3^(19) = (-11.0 - (2.0)*0.98827365 - (-1.0)*1.92703579 - 
(-1.0)*1.27100973)/10.0 = -0.97785018[] 
 []

LaTeX Info: Redefining \. on input line 34554.
LaTeX Info: Redefining \% on input line 34554.
LaTeX Info: Redefining \. on input line 34554.
LaTeX Info: Redefining \% on input line 34554.
[337]
Overfull \hbox (8.766pt too wide) in paragraph at lines 34575--34575
[]\TU/lmtt/m/n/10 ## x2^(20) = (25.0 - (-1.0)*0.98827360 - (-1.0)*-0.97785018 -
 (3.0)*1.27100979)/11.0 = 1.92703582[] 
 []


Overfull \hbox (14.016pt too wide) in paragraph at lines 34586--34586
[]\TU/lmtt/m/n/10 ## x3^(20) = (-11.0 - (2.0)*0.98827360 - (-1.0)*1.92703585 - 
(-1.0)*1.27100979)/10.0 = -0.97785016[] 
 []

LaTeX Info: Redefining \. on input line 34675.
LaTeX Info: Redefining \% on input line 34675.
LaTeX Info: Redefining \. on input line 34675.
LaTeX Info: Redefining \% on input line 34675.
[338]
Overfull \hbox (8.766pt too wide) in paragraph at lines 34688--34688
[]\TU/lmtt/m/n/10 ## x2^(21) = (25.0 - (-1.0)*0.98827362 - (-1.0)*-0.97785016 -
 (3.0)*1.27100977)/11.0 = 1.92703583[] 
 []


Overfull \hbox (14.016pt too wide) in paragraph at lines 34699--34699
[]\TU/lmtt/m/n/10 ## x3^(21) = (-11.0 - (2.0)*0.98827362 - (-1.0)*1.92703582 - 
(-1.0)*1.27100977)/10.0 = -0.97785017[] 
 []


Overfull \hbox (8.766pt too wide) in paragraph at lines 34801--34801
[]\TU/lmtt/m/n/10 ## x2^(22) = (25.0 - (-1.0)*0.98827361 - (-1.0)*-0.97785017 -
 (3.0)*1.27100977)/11.0 = 1.92703583[] 
 []

LaTeX Info: Redefining \. on input line 34801.
LaTeX Info: Redefining \% on input line 34801.
LaTeX Info: Redefining \. on input line 34801.
LaTeX Info: Redefining \% on input line 34801.
[339]
Overfull \hbox (14.016pt too wide) in paragraph at lines 34812--34812
[]\TU/lmtt/m/n/10 ## x3^(22) = (-11.0 - (2.0)*0.98827361 - (-1.0)*1.92703583 - 
(-1.0)*1.27100977)/10.0 = -0.97785016[] 
 []


Overfull \hbox (8.766pt too wide) in paragraph at lines 34914--34914
[]\TU/lmtt/m/n/10 ## x2^(23) = (25.0 - (-1.0)*0.98827362 - (-1.0)*-0.97785016 -
 (3.0)*1.27100977)/11.0 = 1.92703583[] 
 []


Overfull \hbox (14.016pt too wide) in paragraph at lines 34925--34925
[]\TU/lmtt/m/n/10 ## x3^(23) = (-11.0 - (2.0)*0.98827362 - (-1.0)*1.92703583 - 
(-1.0)*1.27100977)/10.0 = -0.97785016[] 
 []

LaTeX Info: Redefining \. on input line 34927.
LaTeX Info: Redefining \% on input line 34927.
LaTeX Info: Redefining \. on input line 34927.
LaTeX Info: Redefining \% on input line 34927.
[340]
Overfull \hbox (8.766pt too wide) in paragraph at lines 35027--35027
[]\TU/lmtt/m/n/10 ## x2^(24) = (25.0 - (-1.0)*0.98827362 - (-1.0)*-0.97785016 -
 (3.0)*1.27100977)/11.0 = 1.92703583[] 
 []


Overfull \hbox (14.016pt too wide) in paragraph at lines 35038--35038
[]\TU/lmtt/m/n/10 ## x3^(24) = (-11.0 - (2.0)*0.98827362 - (-1.0)*1.92703583 - 
(-1.0)*1.27100977)/10.0 = -0.97785016[] 
 []

LaTeX Info: Redefining \. on input line 35051.
LaTeX Info: Redefining \% on input line 35051.
LaTeX Info: Redefining \. on input line 35051.
LaTeX Info: Redefining \% on input line 35051.
[341]
Overfull \hbox (8.766pt too wide) in paragraph at lines 35140--35140
[]\TU/lmtt/m/n/10 ## x2^(25) = (25.0 - (-1.0)*0.98827362 - (-1.0)*-0.97785016 -
 (3.0)*1.27100977)/11.0 = 1.92703583[] 
 []


Overfull \hbox (14.016pt too wide) in paragraph at lines 35151--35151
[]\TU/lmtt/m/n/10 ## x3^(25) = (-11.0 - (2.0)*0.98827362 - (-1.0)*1.92703583 - 
(-1.0)*1.27100977)/10.0 = -0.97785016[] 
 []

LaTeX Info: Redefining \. on input line 35176.
LaTeX Info: Redefining \% on input line 35176.
LaTeX Info: Redefining \. on input line 35176.
LaTeX Info: Redefining \% on input line 35176.
[342]
Overfull \hbox (8.766pt too wide) in paragraph at lines 35253--35253
[]\TU/lmtt/m/n/10 ## x2^(26) = (25.0 - (-1.0)*0.98827362 - (-1.0)*-0.97785016 -
 (3.0)*1.27100977)/11.0 = 1.92703583[] 
 []


Overfull \hbox (14.016pt too wide) in paragraph at lines 35264--35264
[]\TU/lmtt/m/n/10 ## x3^(26) = (-11.0 - (2.0)*0.98827362 - (-1.0)*1.92703583 - 
(-1.0)*1.27100977)/10.0 = -0.97785016[] 
 []

LaTeX Info: Redefining \. on input line 35307.
LaTeX Info: Redefining \% on input line 35307.
LaTeX Info: Redefining \. on input line 35307.
LaTeX Info: Redefining \% on input line 35307.
[343]
Overfull \hbox (8.766pt too wide) in paragraph at lines 35366--35366
[]\TU/lmtt/m/n/10 ## x2^(27) = (25.0 - (-1.0)*0.98827362 - (-1.0)*-0.97785016 -
 (3.0)*1.27100977)/11.0 = 1.92703583[] 
 []


Overfull \hbox (14.016pt too wide) in paragraph at lines 35377--35377
[]\TU/lmtt/m/n/10 ## x3^(27) = (-11.0 - (2.0)*0.98827362 - (-1.0)*1.92703583 - 
(-1.0)*1.27100977)/10.0 = -0.97785016[] 
 []

LaTeX Info: Redefining \. on input line 35432.
LaTeX Info: Redefining \% on input line 35432.
LaTeX Info: Redefining \. on input line 35432.
LaTeX Info: Redefining \% on input line 35432.
[344]
Overfull \hbox (8.766pt too wide) in paragraph at lines 35479--35479
[]\TU/lmtt/m/n/10 ## x2^(28) = (25.0 - (-1.0)*0.98827362 - (-1.0)*-0.97785016 -
 (3.0)*1.27100977)/11.0 = 1.92703583[] 
 []


Overfull \hbox (14.016pt too wide) in paragraph at lines 35490--35490
[]\TU/lmtt/m/n/10 ## x3^(28) = (-11.0 - (2.0)*0.98827362 - (-1.0)*1.92703583 - 
(-1.0)*1.27100977)/10.0 = -0.97785016[] 
 []

LaTeX Info: Redefining \. on input line 35557.
LaTeX Info: Redefining \% on input line 35557.
LaTeX Info: Redefining \. on input line 35557.
LaTeX Info: Redefining \% on input line 35557.
[345]
Overfull \hbox (8.766pt too wide) in paragraph at lines 35592--35592
[]\TU/lmtt/m/n/10 ## x2^(29) = (25.0 - (-1.0)*0.98827362 - (-1.0)*-0.97785016 -
 (3.0)*1.27100977)/11.0 = 1.92703583[] 
 []


Overfull \hbox (14.016pt too wide) in paragraph at lines 35603--35603
[]\TU/lmtt/m/n/10 ## x3^(29) = (-11.0 - (2.0)*0.98827362 - (-1.0)*1.92703583 - 
(-1.0)*1.27100977)/10.0 = -0.97785016[] 
 []

LaTeX Info: Redefining \. on input line 35684.
LaTeX Info: Redefining \% on input line 35684.
LaTeX Info: Redefining \. on input line 35684.
LaTeX Info: Redefining \% on input line 35684.
[346]
Overfull \hbox (8.766pt too wide) in paragraph at lines 35705--35705
[]\TU/lmtt/m/n/10 ## x2^(30) = (25.0 - (-1.0)*0.98827362 - (-1.0)*-0.97785016 -
 (3.0)*1.27100977)/11.0 = 1.92703583[] 
 []


Overfull \hbox (14.016pt too wide) in paragraph at lines 35716--35716
[]\TU/lmtt/m/n/10 ## x3^(30) = (-11.0 - (2.0)*0.98827362 - (-1.0)*1.92703583 - 
(-1.0)*1.27100977)/10.0 = -0.97785016[] 
 []

LaTeX Info: Redefining \. on input line 35805.
LaTeX Info: Redefining \% on input line 35805.
LaTeX Info: Redefining \. on input line 35805.
LaTeX Info: Redefining \% on input line 35805.
[347]
Overfull \hbox (8.766pt too wide) in paragraph at lines 35818--35818
[]\TU/lmtt/m/n/10 ## x2^(31) = (25.0 - (-1.0)*0.98827362 - (-1.0)*-0.97785016 -
 (3.0)*1.27100977)/11.0 = 1.92703583[] 
 []


Overfull \hbox (14.016pt too wide) in paragraph at lines 35829--35829
[]\TU/lmtt/m/n/10 ## x3^(31) = (-11.0 - (2.0)*0.98827362 - (-1.0)*1.92703583 - 
(-1.0)*1.27100977)/10.0 = -0.97785016[] 
 []


Overfull \hbox (8.766pt too wide) in paragraph at lines 35931--35931
[]\TU/lmtt/m/n/10 ## x2^(32) = (25.0 - (-1.0)*0.98827362 - (-1.0)*-0.97785016 -
 (3.0)*1.27100977)/11.0 = 1.92703583[] 
 []

LaTeX Info: Redefining \. on input line 35931.
LaTeX Info: Redefining \% on input line 35931.
LaTeX Info: Redefining \. on input line 35931.
LaTeX Info: Redefining \% on input line 35931.
[348]
Overfull \hbox (14.016pt too wide) in paragraph at lines 35942--35942
[]\TU/lmtt/m/n/10 ## x3^(32) = (-11.0 - (2.0)*0.98827362 - (-1.0)*1.92703583 - 
(-1.0)*1.27100977)/10.0 = -0.97785016[] 
 []


Overfull \hbox (8.766pt too wide) in paragraph at lines 36044--36044
[]\TU/lmtt/m/n/10 ## x2^(33) = (25.0 - (-1.0)*0.98827362 - (-1.0)*-0.97785016 -
 (3.0)*1.27100977)/11.0 = 1.92703583[] 
 []


Overfull \hbox (14.016pt too wide) in paragraph at lines 36055--36055
[]\TU/lmtt/m/n/10 ## x3^(33) = (-11.0 - (2.0)*0.98827362 - (-1.0)*1.92703583 - 
(-1.0)*1.27100977)/10.0 = -0.97785016[] 
 []

LaTeX Info: Redefining \. on input line 36057.
LaTeX Info: Redefining \% on input line 36057.
LaTeX Info: Redefining \. on input line 36057.
LaTeX Info: Redefining \% on input line 36057.
[349]
Overfull \hbox (8.766pt too wide) in paragraph at lines 36157--36157
[]\TU/lmtt/m/n/10 ## x2^(34) = (25.0 - (-1.0)*0.98827362 - (-1.0)*-0.97785016 -
 (3.0)*1.27100977)/11.0 = 1.92703583[] 
 []


Overfull \hbox (14.016pt too wide) in paragraph at lines 36168--36168
[]\TU/lmtt/m/n/10 ## x3^(34) = (-11.0 - (2.0)*0.98827362 - (-1.0)*1.92703583 - 
(-1.0)*1.27100977)/10.0 = -0.97785016[] 
 []

LaTeX Info: Redefining \. on input line 36181.
LaTeX Info: Redefining \% on input line 36181.
LaTeX Info: Redefining \. on input line 36181.
LaTeX Info: Redefining \% on input line 36181.
[350]
Overfull \hbox (8.766pt too wide) in paragraph at lines 36270--36270
[]\TU/lmtt/m/n/10 ## x2^(35) = (25.0 - (-1.0)*0.98827362 - (-1.0)*-0.97785016 -
 (3.0)*1.27100977)/11.0 = 1.92703583[] 
 []


Overfull \hbox (14.016pt too wide) in paragraph at lines 36281--36281
[]\TU/lmtt/m/n/10 ## x3^(35) = (-11.0 - (2.0)*0.98827362 - (-1.0)*1.92703583 - 
(-1.0)*1.27100977)/10.0 = -0.97785016[] 
 []

LaTeX Info: Redefining \. on input line 36306.
LaTeX Info: Redefining \% on input line 36306.
LaTeX Info: Redefining \. on input line 36306.
LaTeX Info: Redefining \% on input line 36306.
[351]
Overfull \hbox (8.766pt too wide) in paragraph at lines 36383--36383
[]\TU/lmtt/m/n/10 ## x2^(36) = (25.0 - (-1.0)*0.98827362 - (-1.0)*-0.97785016 -
 (3.0)*1.27100977)/11.0 = 1.92703583[] 
 []


Overfull \hbox (14.016pt too wide) in paragraph at lines 36394--36394
[]\TU/lmtt/m/n/10 ## x3^(36) = (-11.0 - (2.0)*0.98827362 - (-1.0)*1.92703583 - 
(-1.0)*1.27100977)/10.0 = -0.97785016[] 
 []

LaTeX Info: Redefining \. on input line 36437.
LaTeX Info: Redefining \% on input line 36437.
LaTeX Info: Redefining \. on input line 36437.
LaTeX Info: Redefining \% on input line 36437.
[352]
Overfull \hbox (8.766pt too wide) in paragraph at lines 36496--36496
[]\TU/lmtt/m/n/10 ## x2^(37) = (25.0 - (-1.0)*0.98827362 - (-1.0)*-0.97785016 -
 (3.0)*1.27100977)/11.0 = 1.92703583[] 
 []


Overfull \hbox (14.016pt too wide) in paragraph at lines 36507--36507
[]\TU/lmtt/m/n/10 ## x3^(37) = (-11.0 - (2.0)*0.98827362 - (-1.0)*1.92703583 - 
(-1.0)*1.27100977)/10.0 = -0.97785016[] 
 []

LaTeX Info: Redefining \. on input line 36562.
LaTeX Info: Redefining \% on input line 36562.
LaTeX Info: Redefining \. on input line 36562.
LaTeX Info: Redefining \% on input line 36562.
[353]
Overfull \hbox (8.766pt too wide) in paragraph at lines 36609--36609
[]\TU/lmtt/m/n/10 ## x2^(38) = (25.0 - (-1.0)*0.98827362 - (-1.0)*-0.97785016 -
 (3.0)*1.27100977)/11.0 = 1.92703583[] 
 []


Overfull \hbox (14.016pt too wide) in paragraph at lines 36620--36620
[]\TU/lmtt/m/n/10 ## x3^(38) = (-11.0 - (2.0)*0.98827362 - (-1.0)*1.92703583 - 
(-1.0)*1.27100977)/10.0 = -0.97785016[] 
 []

LaTeX Info: Redefining \. on input line 36687.
LaTeX Info: Redefining \% on input line 36687.
LaTeX Info: Redefining \. on input line 36687.
LaTeX Info: Redefining \% on input line 36687.
[354]
Overfull \hbox (8.766pt too wide) in paragraph at lines 36722--36722
[]\TU/lmtt/m/n/10 ## x2^(39) = (25.0 - (-1.0)*0.98827362 - (-1.0)*-0.97785016 -
 (3.0)*1.27100977)/11.0 = 1.92703583[] 
 []


Overfull \hbox (14.016pt too wide) in paragraph at lines 36733--36733
[]\TU/lmtt/m/n/10 ## x3^(39) = (-11.0 - (2.0)*0.98827362 - (-1.0)*1.92703583 - 
(-1.0)*1.27100977)/10.0 = -0.97785016[] 
 []

LaTeX Info: Redefining \. on input line 36814.
LaTeX Info: Redefining \% on input line 36814.
LaTeX Info: Redefining \. on input line 36814.
LaTeX Info: Redefining \% on input line 36814.
[355]
Overfull \hbox (8.766pt too wide) in paragraph at lines 36835--36835
[]\TU/lmtt/m/n/10 ## x2^(40) = (25.0 - (-1.0)*0.98827362 - (-1.0)*-0.97785016 -
 (3.0)*1.27100977)/11.0 = 1.92703583[] 
 []


Overfull \hbox (14.016pt too wide) in paragraph at lines 36846--36846
[]\TU/lmtt/m/n/10 ## x3^(40) = (-11.0 - (2.0)*0.98827362 - (-1.0)*1.92703583 - 
(-1.0)*1.27100977)/10.0 = -0.97785016[] 
 []

LaTeX Info: Redefining \. on input line 36935.
LaTeX Info: Redefining \% on input line 36935.
LaTeX Info: Redefining \. on input line 36935.
LaTeX Info: Redefining \% on input line 36935.
[356]
Overfull \hbox (8.766pt too wide) in paragraph at lines 36948--36948
[]\TU/lmtt/m/n/10 ## x2^(41) = (25.0 - (-1.0)*0.98827362 - (-1.0)*-0.97785016 -
 (3.0)*1.27100977)/11.0 = 1.92703583[] 
 []


Overfull \hbox (14.016pt too wide) in paragraph at lines 36959--36959
[]\TU/lmtt/m/n/10 ## x3^(41) = (-11.0 - (2.0)*0.98827362 - (-1.0)*1.92703583 - 
(-1.0)*1.27100977)/10.0 = -0.97785016[] 
 []


Overfull \hbox (8.766pt too wide) in paragraph at lines 37061--37061
[]\TU/lmtt/m/n/10 ## x2^(42) = (25.0 - (-1.0)*0.98827362 - (-1.0)*-0.97785016 -
 (3.0)*1.27100977)/11.0 = 1.92703583[] 
 []

LaTeX Info: Redefining \. on input line 37061.
LaTeX Info: Redefining \% on input line 37061.
LaTeX Info: Redefining \. on input line 37061.
LaTeX Info: Redefining \% on input line 37061.
[357]
Overfull \hbox (14.016pt too wide) in paragraph at lines 37072--37072
[]\TU/lmtt/m/n/10 ## x3^(42) = (-11.0 - (2.0)*0.98827362 - (-1.0)*1.92703583 - 
(-1.0)*1.27100977)/10.0 = -0.97785016[] 
 []


Overfull \hbox (8.766pt too wide) in paragraph at lines 37174--37174
[]\TU/lmtt/m/n/10 ## x2^(43) = (25.0 - (-1.0)*0.98827362 - (-1.0)*-0.97785016 -
 (3.0)*1.27100977)/11.0 = 1.92703583[] 
 []


Overfull \hbox (14.016pt too wide) in paragraph at lines 37185--37185
[]\TU/lmtt/m/n/10 ## x3^(43) = (-11.0 - (2.0)*0.98827362 - (-1.0)*1.92703583 - 
(-1.0)*1.27100977)/10.0 = -0.97785016[] 
 []

LaTeX Info: Redefining \. on input line 37187.
LaTeX Info: Redefining \% on input line 37187.
LaTeX Info: Redefining \. on input line 37187.
LaTeX Info: Redefining \% on input line 37187.
[358]
Overfull \hbox (8.766pt too wide) in paragraph at lines 37287--37287
[]\TU/lmtt/m/n/10 ## x2^(44) = (25.0 - (-1.0)*0.98827362 - (-1.0)*-0.97785016 -
 (3.0)*1.27100977)/11.0 = 1.92703583[] 
 []


Overfull \hbox (14.016pt too wide) in paragraph at lines 37298--37298
[]\TU/lmtt/m/n/10 ## x3^(44) = (-11.0 - (2.0)*0.98827362 - (-1.0)*1.92703583 - 
(-1.0)*1.27100977)/10.0 = -0.97785016[] 
 []

LaTeX Info: Redefining \. on input line 37311.
LaTeX Info: Redefining \% on input line 37311.
LaTeX Info: Redefining \. on input line 37311.
LaTeX Info: Redefining \% on input line 37311.
[359]
Overfull \hbox (8.766pt too wide) in paragraph at lines 37400--37400
[]\TU/lmtt/m/n/10 ## x2^(45) = (25.0 - (-1.0)*0.98827362 - (-1.0)*-0.97785016 -
 (3.0)*1.27100977)/11.0 = 1.92703583[] 
 []


Overfull \hbox (14.016pt too wide) in paragraph at lines 37411--37411
[]\TU/lmtt/m/n/10 ## x3^(45) = (-11.0 - (2.0)*0.98827362 - (-1.0)*1.92703583 - 
(-1.0)*1.27100977)/10.0 = -0.97785016[] 
 []

LaTeX Info: Redefining \. on input line 37436.
LaTeX Info: Redefining \% on input line 37436.
LaTeX Info: Redefining \. on input line 37436.
LaTeX Info: Redefining \% on input line 37436.
[360]
Overfull \hbox (8.766pt too wide) in paragraph at lines 37513--37513
[]\TU/lmtt/m/n/10 ## x2^(46) = (25.0 - (-1.0)*0.98827362 - (-1.0)*-0.97785016 -
 (3.0)*1.27100977)/11.0 = 1.92703583[] 
 []


Overfull \hbox (14.016pt too wide) in paragraph at lines 37524--37524
[]\TU/lmtt/m/n/10 ## x3^(46) = (-11.0 - (2.0)*0.98827362 - (-1.0)*1.92703583 - 
(-1.0)*1.27100977)/10.0 = -0.97785016[] 
 []

LaTeX Info: Redefining \. on input line 37567.
LaTeX Info: Redefining \% on input line 37567.
LaTeX Info: Redefining \. on input line 37567.
LaTeX Info: Redefining \% on input line 37567.
[361]
Overfull \hbox (8.766pt too wide) in paragraph at lines 37626--37626
[]\TU/lmtt/m/n/10 ## x2^(47) = (25.0 - (-1.0)*0.98827362 - (-1.0)*-0.97785016 -
 (3.0)*1.27100977)/11.0 = 1.92703583[] 
 []


Overfull \hbox (14.016pt too wide) in paragraph at lines 37637--37637
[]\TU/lmtt/m/n/10 ## x3^(47) = (-11.0 - (2.0)*0.98827362 - (-1.0)*1.92703583 - 
(-1.0)*1.27100977)/10.0 = -0.97785016[] 
 []

LaTeX Info: Redefining \. on input line 37692.
LaTeX Info: Redefining \% on input line 37692.
LaTeX Info: Redefining \. on input line 37692.
LaTeX Info: Redefining \% on input line 37692.
[362]
Overfull \hbox (8.766pt too wide) in paragraph at lines 37739--37739
[]\TU/lmtt/m/n/10 ## x2^(48) = (25.0 - (-1.0)*0.98827362 - (-1.0)*-0.97785016 -
 (3.0)*1.27100977)/11.0 = 1.92703583[] 
 []


Overfull \hbox (14.016pt too wide) in paragraph at lines 37750--37750
[]\TU/lmtt/m/n/10 ## x3^(48) = (-11.0 - (2.0)*0.98827362 - (-1.0)*1.92703583 - 
(-1.0)*1.27100977)/10.0 = -0.97785016[] 
 []

LaTeX Info: Redefining \. on input line 37817.
LaTeX Info: Redefining \% on input line 37817.
LaTeX Info: Redefining \. on input line 37817.
LaTeX Info: Redefining \% on input line 37817.
[363]
Overfull \hbox (8.766pt too wide) in paragraph at lines 37852--37852
[]\TU/lmtt/m/n/10 ## x2^(49) = (25.0 - (-1.0)*0.98827362 - (-1.0)*-0.97785016 -
 (3.0)*1.27100977)/11.0 = 1.92703583[] 
 []


Overfull \hbox (14.016pt too wide) in paragraph at lines 37863--37863
[]\TU/lmtt/m/n/10 ## x3^(49) = (-11.0 - (2.0)*0.98827362 - (-1.0)*1.92703583 - 
(-1.0)*1.27100977)/10.0 = -0.97785016[] 
 []

LaTeX Info: Redefining \. on input line 37944.
LaTeX Info: Redefining \% on input line 37944.
LaTeX Info: Redefining \. on input line 37944.
LaTeX Info: Redefining \% on input line 37944.
[364]
Overfull \hbox (8.766pt too wide) in paragraph at lines 37965--37965
[]\TU/lmtt/m/n/10 ## x2^(50) = (25.0 - (-1.0)*0.98827362 - (-1.0)*-0.97785016 -
 (3.0)*1.27100977)/11.0 = 1.92703583[] 
 []


Overfull \hbox (14.016pt too wide) in paragraph at lines 37976--37976
[]\TU/lmtt/m/n/10 ## x3^(50) = (-11.0 - (2.0)*0.98827362 - (-1.0)*1.92703583 - 
(-1.0)*1.27100977)/10.0 = -0.97785016[] 
 []

LaTeX Info: Redefining \. on input line 38067.
LaTeX Info: Redefining \% on input line 38067.
LaTeX Info: Redefining \. on input line 38067.
LaTeX Info: Redefining \% on input line 38067.
[365]
LaTeX Info: Redefining \. on input line 38219.
LaTeX Info: Redefining \% on input line 38219.
LaTeX Info: Redefining \. on input line 38219.
LaTeX Info: Redefining \% on input line 38219.
[366]
LaTeX Info: Redefining \. on input line 38307.
LaTeX Info: Redefining \% on input line 38307.
LaTeX Info: Redefining \. on input line 38307.
LaTeX Info: Redefining \% on input line 38307.
[367]
LaTeX Info: Redefining \. on input line 38431.
LaTeX Info: Redefining \% on input line 38431.
LaTeX Info: Redefining \. on input line 38431.
LaTeX Info: Redefining \% on input line 38431.
[368]
LaTeX Info: Redefining \. on input line 38557.
LaTeX Info: Redefining \% on input line 38557.
LaTeX Info: Redefining \. on input line 38557.
LaTeX Info: Redefining \% on input line 38557.
[369]
LaTeX Info: Redefining \. on input line 38675.
LaTeX Info: Redefining \% on input line 38675.
LaTeX Info: Redefining \. on input line 38675.
LaTeX Info: Redefining \% on input line 38675.
[370]
LaTeX Info: Redefining \. on input line 38799.
LaTeX Info: Redefining \% on input line 38799.
LaTeX Info: Redefining \. on input line 38799.
LaTeX Info: Redefining \% on input line 38799.
[371]
LaTeX Info: Redefining \. on input line 38925.
LaTeX Info: Redefining \% on input line 38925.
LaTeX Info: Redefining \. on input line 38925.
LaTeX Info: Redefining \% on input line 38925.
[372]
LaTeX Info: Redefining \. on input line 39043.
LaTeX Info: Redefining \% on input line 39043.
LaTeX Info: Redefining \. on input line 39043.
LaTeX Info: Redefining \% on input line 39043.
[373]
LaTeX Info: Redefining \. on input line 39167.
LaTeX Info: Redefining \% on input line 39167.
LaTeX Info: Redefining \. on input line 39167.
LaTeX Info: Redefining \% on input line 39167.
[374]
LaTeX Info: Redefining \. on input line 39307.
LaTeX Info: Redefining \% on input line 39307.
LaTeX Info: Redefining \. on input line 39307.
LaTeX Info: Redefining \% on input line 39307.
[375]
LaTeX Info: Redefining \. on input line 39420.
LaTeX Info: Redefining \% on input line 39420.
LaTeX Info: Redefining \. on input line 39420.
LaTeX Info: Redefining \% on input line 39420.
[376]
LaTeX Info: Redefining \. on input line 39524.
LaTeX Info: Redefining \% on input line 39524.
LaTeX Info: Redefining \. on input line 39524.
LaTeX Info: Redefining \% on input line 39524.
[377]
LaTeX Info: Redefining \. on input line 39640.
LaTeX Info: Redefining \% on input line 39640.
LaTeX Info: Redefining \. on input line 39640.
LaTeX Info: Redefining \% on input line 39640.
[378]
LaTeX Info: Redefining \. on input line 39764.
LaTeX Info: Redefining \% on input line 39764.
LaTeX Info: Redefining \. on input line 39764.
LaTeX Info: Redefining \% on input line 39764.
[379]
LaTeX Info: Redefining \. on input line 39890.
LaTeX Info: Redefining \% on input line 39890.
LaTeX Info: Redefining \. on input line 39890.
LaTeX Info: Redefining \% on input line 39890.
[380]
LaTeX Info: Redefining \. on input line 40008.
LaTeX Info: Redefining \% on input line 40008.
LaTeX Info: Redefining \. on input line 40008.
LaTeX Info: Redefining \% on input line 40008.
[381]
LaTeX Info: Redefining \. on input line 40132.
LaTeX Info: Redefining \% on input line 40132.
LaTeX Info: Redefining \. on input line 40132.
LaTeX Info: Redefining \% on input line 40132.
[382]
LaTeX Info: Redefining \. on input line 40258.
LaTeX Info: Redefining \% on input line 40258.
LaTeX Info: Redefining \. on input line 40258.
LaTeX Info: Redefining \% on input line 40258.
[383]
LaTeX Info: Redefining \. on input line 40384.
LaTeX Info: Redefining \% on input line 40384.
LaTeX Info: Redefining \. on input line 40384.
LaTeX Info: Redefining \% on input line 40384.
[384]
LaTeX Info: Redefining \. on input line 40471.
LaTeX Info: Redefining \% on input line 40471.
LaTeX Info: Redefining \. on input line 40471.
LaTeX Info: Redefining \% on input line 40471.
[385]
LaTeX Info: Redefining \. on input line 40589.
LaTeX Info: Redefining \% on input line 40589.
LaTeX Info: Redefining \. on input line 40589.
LaTeX Info: Redefining \% on input line 40589.
[386]
LaTeX Info: Redefining \. on input line 40713.
LaTeX Info: Redefining \% on input line 40713.
LaTeX Info: Redefining \. on input line 40713.
LaTeX Info: Redefining \% on input line 40713.
[387]
LaTeX Info: Redefining \. on input line 40831.
LaTeX Info: Redefining \% on input line 40831.
LaTeX Info: Redefining \. on input line 40831.
LaTeX Info: Redefining \% on input line 40831.
[388]
LaTeX Info: Redefining \. on input line 40946.
LaTeX Info: Redefining \% on input line 40946.
LaTeX Info: Redefining \. on input line 40946.
LaTeX Info: Redefining \% on input line 40946.
[389]
LaTeX Info: Redefining \. on input line 41071.
LaTeX Info: Redefining \% on input line 41071.
LaTeX Info: Redefining \. on input line 41071.
LaTeX Info: Redefining \% on input line 41071.
[390]
LaTeX Info: Redefining \. on input line 41195.
LaTeX Info: Redefining \% on input line 41195.
LaTeX Info: Redefining \. on input line 41195.
LaTeX Info: Redefining \% on input line 41195.
[391]
LaTeX Info: Redefining \. on input line 41312.
LaTeX Info: Redefining \% on input line 41312.
LaTeX Info: Redefining \. on input line 41312.
LaTeX Info: Redefining \% on input line 41312.
[392]
LaTeX Info: Redefining \. on input line 41430.
LaTeX Info: Redefining \% on input line 41430.
LaTeX Info: Redefining \. on input line 41430.
LaTeX Info: Redefining \% on input line 41430.
[393]
Overfull \hbox (3.516pt too wide) in paragraph at lines 41511--41511
[]\TU/lmtt/m/n/10 ## x2^(1) = (20.0 - (12.0)*0.00000000 - (6.0)*0.00000000 - (1
0.0)*0.00000000)/-8.0 = -2.50000000[] 
 []

LaTeX Info: Redefining \. on input line 41513.
LaTeX Info: Redefining \% on input line 41513.
LaTeX Info: Redefining \. on input line 41513.
LaTeX Info: Redefining \% on input line 41513.
[394]
Overfull \hbox (3.516pt too wide) in paragraph at lines 41533--41533
[]\TU/lmtt/m/n/10 ## x4^(1) = (-19.0 - (-6.0)*0.00000000 - (4.0)*0.00000000 - (
1.0)*0.00000000)/-18.0 = 1.05555556[] 
 []

LaTeX Info: Redefining \. on input line 41637.
LaTeX Info: Redefining \% on input line 41637.
LaTeX Info: Redefining \. on input line 41637.
LaTeX Info: Redefining \% on input line 41637.
[395]
Overfull \hbox (14.016pt too wide) in paragraph at lines 41646--41646
[]\TU/lmtt/m/n/10 ## x4^(2) = (-19.0 - (-6.0)*1.66666667 - (4.0)*-2.50000000 - 
(1.0)*1.05555556)/-18.0 = -0.04320988[] 
 []


Overfull \hbox (14.016pt too wide) in paragraph at lines 41737--41737
[]\TU/lmtt/m/n/10 ## x2^(3) = (20.0 - (12.0)*0.05555556 - (6.0)*-4.29629630 - (
10.0)*-0.04320988)/-8.0 = -5.69290123[] 
 []


Overfull \hbox (8.766pt too wide) in paragraph at lines 41759--41759
[]\TU/lmtt/m/n/10 ## x4^(3) = (-19.0 - (-6.0)*0.05555556 - (4.0)*1.48611111 - (
1.0)*-0.04320988)/-18.0 = 1.12860082[] 
 []

LaTeX Info: Redefining \. on input line 41761.
LaTeX Info: Redefining \% on input line 41761.
LaTeX Info: Redefining \. on input line 41761.
LaTeX Info: Redefining \% on input line 41761.
[396]
Overfull \hbox (14.016pt too wide) in paragraph at lines 41872--41872
[]\TU/lmtt/m/n/10 ## x4^(4) = (-19.0 - (-6.0)*3.62294239 - (4.0)*-5.69290123 - 
(1.0)*1.12860082)/-18.0 = -1.28580818[] 
 []

LaTeX Info: Redefining \. on input line 41886.
LaTeX Info: Redefining \% on input line 41886.
LaTeX Info: Redefining \. on input line 41886.
LaTeX Info: Redefining \% on input line 41886.
[397]
Overfull \hbox (24.516pt too wide) in paragraph at lines 41963--41963
[]\TU/lmtt/m/n/10 ## x2^(5) = (20.0 - (12.0)*-1.77160494 - (6.0)*-9.58470508 - 
(10.0)*-1.28580818)/-8.0 = -13.95319644[] 
 []


Overfull \hbox (3.516pt too wide) in paragraph at lines 41974--41974
[]\TU/lmtt/m/n/10 ## x3^(5) = (2.0 - (3.0)*-1.77160494 - (-13.0)*6.11869856 - (
3.0)*-1.28580818)/9.0 = 10.07948007[] 
 []


Overfull \hbox (14.016pt too wide) in paragraph at lines 41985--41985
[]\TU/lmtt/m/n/10 ## x4^(5) = (-19.0 - (-6.0)*-1.77160494 - (4.0)*6.11869856 - 
(1.0)*-1.28580818)/-18.0 = 2.47331771[] 
 []

LaTeX Info: Redefining \. on input line 42017.
LaTeX Info: Redefining \% on input line 42017.
LaTeX Info: Redefining \. on input line 42017.
LaTeX Info: Redefining \% on input line 42017.
[398]
Overfull \hbox (8.766pt too wide) in paragraph at lines 42065--42065
[]\TU/lmtt/m/n/10 ## x1^(6) = (10.0 - (-2.0)*-13.95319644 - (2.0)*10.07948007 -
 (4.0)*2.47331771)/6.0 = -7.99310398[] 
 []


Overfull \hbox (8.766pt too wide) in paragraph at lines 42076--42076
[]\TU/lmtt/m/n/10 ## x2^(6) = (20.0 - (12.0)*7.75834000 - (6.0)*10.07948007 - (
10.0)*2.47331771)/-8.0 = 19.78876719[] 
 []


Overfull \hbox (8.766pt too wide) in paragraph at lines 42087--42087
[]\TU/lmtt/m/n/10 ## x3^(6) = (2.0 - (3.0)*7.75834000 - (-13.0)*-13.95319644 - 
(3.0)*2.47331771)/9.0 = -23.34294744[] 
 []


Overfull \hbox (19.266pt too wide) in paragraph at lines 42098--42098
[]\TU/lmtt/m/n/10 ## x4^(6) = (-19.0 - (-6.0)*7.75834000 - (4.0)*-13.95319644 -
 (1.0)*2.47331771)/-18.0 = -4.07129698[] 
 []

LaTeX Info: Redefining \. on input line 42142.
LaTeX Info: Redefining \% on input line 42142.
LaTeX Info: Redefining \. on input line 42142.
LaTeX Info: Redefining \% on input line 42142.
[399]
Overfull \hbox (14.016pt too wide) in paragraph at lines 42178--42178
[]\TU/lmtt/m/n/10 ## x1^(7) = (10.0 - (-2.0)*19.78876719 - (2.0)*-23.34294744 -
 (4.0)*-4.07129698)/6.0 = 18.75810287[] 
 []


Overfull \hbox (29.766pt too wide) in paragraph at lines 42189--42189
[]\TU/lmtt/m/n/10 ## x2^(7) = (20.0 - (12.0)*-7.99310398 - (6.0)*-23.34294744 -
 (10.0)*-4.07129698)/-8.0 = -37.08598778[] 
 []


Overfull \hbox (8.766pt too wide) in paragraph at lines 42200--42200
[]\TU/lmtt/m/n/10 ## x3^(7) = (2.0 - (3.0)*-7.99310398 - (-13.0)*19.78876719 - 
(3.0)*-4.07129698)/9.0 = 32.82746405[] 
 []


Overfull \hbox (19.266pt too wide) in paragraph at lines 42211--42211
[]\TU/lmtt/m/n/10 ## x4^(7) = (-19.0 - (-6.0)*-7.99310398 - (4.0)*19.78876719 -
 (1.0)*-4.07129698)/-18.0 = 6.82059696[] 
 []

LaTeX Info: Redefining \. on input line 42267.
LaTeX Info: Redefining \% on input line 42267.
LaTeX Info: Redefining \. on input line 42267.
LaTeX Info: Redefining \% on input line 42267.
[400]
Overfull \hbox (14.016pt too wide) in paragraph at lines 42291--42291
[]\TU/lmtt/m/n/10 ## x1^(8) = (10.0 - (-2.0)*-37.08598778 - (2.0)*32.82746405 -
 (4.0)*6.82059696)/6.0 = -26.18488191[] 
 []


Overfull \hbox (14.016pt too wide) in paragraph at lines 42302--42302
[]\TU/lmtt/m/n/10 ## x2^(8) = (20.0 - (12.0)*18.75810287 - (6.0)*32.82746405 - 
(10.0)*6.82059696)/-8.0 = 58.78349853[] 
 []


Overfull \hbox (14.016pt too wide) in paragraph at lines 42313--42313
[]\TU/lmtt/m/n/10 ## x3^(8) = (2.0 - (3.0)*18.75810287 - (-13.0)*-37.08598778 -
 (3.0)*6.82059696)/9.0 = -61.87266006[] 
 []


Overfull \hbox (29.766pt too wide) in paragraph at lines 42324--42324
[]\TU/lmtt/m/n/10 ## x4^(8) = (-19.0 - (-6.0)*18.75810287 - (4.0)*-37.08598778 
- (1.0)*6.82059696)/-18.0 = -11.61472801[] 
 []

LaTeX Info: Redefining \. on input line 42394.
LaTeX Info: Redefining \% on input line 42394.
LaTeX Info: Redefining \. on input line 42394.
LaTeX Info: Redefining \% on input line 42394.
[401]
Overfull \hbox (19.266pt too wide) in paragraph at lines 42404--42404
[]\TU/lmtt/m/n/10 ## x1^(9) = (10.0 - (-2.0)*58.78349853 - (2.0)*-61.87266006 -
 (4.0)*-11.61472801)/6.0 = 49.62853821[] 
 []


Overfull \hbox (45.516pt too wide) in paragraph at lines 42415--42415
[]\TU/lmtt/m/n/10 ## x2^(9) = (20.0 - (12.0)*-26.18488191 - (6.0)*-61.87266006 
- (10.0)*-11.61472801)/-8.0 = -102.70022793[] 
 []


Overfull \hbox (19.266pt too wide) in paragraph at lines 42426--42426
[]\TU/lmtt/m/n/10 ## x3^(9) = (2.0 - (3.0)*-26.18488191 - (-13.0)*58.78349853 -
 (3.0)*-11.61472801)/9.0 = 97.73159007[] 
 []


Overfull \hbox (35.016pt too wide) in paragraph at lines 42437--42437
[]\TU/lmtt/m/n/10 ## x4^(9) = (-19.0 - (-6.0)*-26.18488191 - (4.0)*58.78349853 
- (1.0)*-11.61472801)/-18.0 = 19.40947920[] 
 []

LaTeX Info: Redefining \. on input line 42515.
LaTeX Info: Redefining \% on input line 42515.
LaTeX Info: Redefining \. on input line 42515.
LaTeX Info: Redefining \% on input line 42515.
[402]
Overfull \hbox (29.766pt too wide) in paragraph at lines 42517--42517
[]\TU/lmtt/m/n/10 ## x1^(10) = (10.0 - (-2.0)*-102.70022793 - (2.0)*97.73159007
 - (4.0)*19.40947920)/6.0 = -78.08359213[] 
 []


Overfull \hbox (29.766pt too wide) in paragraph at lines 42528--42528
[]\TU/lmtt/m/n/10 ## x2^(10) = (20.0 - (12.0)*49.62853821 - (6.0)*97.73159007 -
 (10.0)*19.40947920)/-8.0 = 169.50334886[] 
 []


Overfull \hbox (35.016pt too wide) in paragraph at lines 42539--42539
[]\TU/lmtt/m/n/10 ## x3^(10) = (2.0 - (3.0)*49.62853821 - (-13.0)*-102.70022793
 - (3.0)*19.40947920)/9.0 = -171.13522392[] 
 []


Overfull \hbox (45.516pt too wide) in paragraph at lines 42550--42550
[]\TU/lmtt/m/n/10 ## x4^(10) = (-19.0 - (-6.0)*49.62853821 - (4.0)*-102.7002279
3 - (1.0)*19.40947920)/-18.0 = -32.88003061[] 
 []

File: Biseccion11_1.jpg Graphic file (type bmp)
<Biseccion11_1.jpg>

LaTeX Warning: Float too large for page by 0.52884pt on input line 42608.

File: Biseccion11_2.jpg Graphic file (type bmp)
<Biseccion11_2.jpg>
File: Biseccion11_3.jpg Graphic file (type bmp)
<Biseccion11_3.jpg>
File: Biseccion11_4.jpg Graphic file (type bmp)
<Biseccion11_4.jpg>
File: Biseccion13_1.jpg Graphic file (type bmp)
<Biseccion13_1.jpg>
File: Biseccion13_2.jpg Graphic file (type bmp)
<Biseccion13_2.jpg>
File: Biseccion13_3.jpg Graphic file (type bmp)
<Biseccion13_3.jpg>
File: Biseccion13_4.jpg Graphic file (type bmp)
<Biseccion13_4.jpg>
File: Biseccion15_1.jpg Graphic file (type bmp)
<Biseccion15_1.jpg>
File: Biseccion15_2.jpg Graphic file (type bmp)
<Biseccion15_2.jpg>

LaTeX Warning: Float too large for page by 12.46452pt on input line 42662.

File: Biseccion15_3.jpg Graphic file (type bmp)
<Biseccion15_3.jpg>
File: Biseccion15_4.jpg Graphic file (type bmp)
<Biseccion15_4.jpg>
LaTeX Info: Redefining \. on input line 42730.
LaTeX Info: Redefining \% on input line 42730.
LaTeX Info: Redefining \. on input line 42730.
LaTeX Info: Redefining \% on input line 42730.
[403]
LaTeX Info: Redefining \. on input line 42730.
LaTeX Info: Redefining \% on input line 42730.
LaTeX Info: Redefining \. on input line 42730.
LaTeX Info: Redefining \% on input line 42730.
[404]
LaTeX Info: Redefining \. on input line 42730.
LaTeX Info: Redefining \% on input line 42730.
LaTeX Info: Redefining \. on input line 42730.
LaTeX Info: Redefining \% on input line 42730.
[405]
LaTeX Info: Redefining \. on input line 42730.
LaTeX Info: Redefining \% on input line 42730.
LaTeX Info: Redefining \. on input line 42730.
LaTeX Info: Redefining \% on input line 42730.
[406]
LaTeX Info: Redefining \. on input line 42730.
LaTeX Info: Redefining \% on input line 42730.
LaTeX Info: Redefining \. on input line 42730.
LaTeX Info: Redefining \% on input line 42730.
[407]
LaTeX Info: Redefining \. on input line 42730.
LaTeX Info: Redefining \% on input line 42730.
LaTeX Info: Redefining \. on input line 42730.
LaTeX Info: Redefining \% on input line 42730.
[408]
LaTeX Info: Redefining \. on input line 42730.
LaTeX Info: Redefining \% on input line 42730.
LaTeX Info: Redefining \. on input line 42730.
LaTeX Info: Redefining \% on input line 42730.
[409]
LaTeX Info: Redefining \. on input line 42730.
LaTeX Info: Redefining \% on input line 42730.
LaTeX Info: Redefining \. on input line 42730.
LaTeX Info: Redefining \% on input line 42730.
[410]
LaTeX Info: Redefining \. on input line 42730.
LaTeX Info: Redefining \% on input line 42730.
LaTeX Info: Redefining \. on input line 42730.
LaTeX Info: Redefining \% on input line 42730.
[411]
LaTeX Info: Redefining \. on input line 42730.
LaTeX Info: Redefining \% on input line 42730.
LaTeX Info: Redefining \. on input line 42730.
LaTeX Info: Redefining \% on input line 42730.
[412]
LaTeX Info: Redefining \. on input line 42730.
LaTeX Info: Redefining \% on input line 42730.
LaTeX Info: Redefining \. on input line 42730.
LaTeX Info: Redefining \% on input line 42730.
[413]
LaTeX Info: Redefining \. on input line 42730.
LaTeX Info: Redefining \% on input line 42730.
LaTeX Info: Redefining \. on input line 42730.
LaTeX Info: Redefining \% on input line 42730.
[414]
LaTeX Info: Redefining \. on input line 42730.
LaTeX Info: Redefining \% on input line 42730.
LaTeX Info: Redefining \. on input line 42730.
LaTeX Info: Redefining \% on input line 42730.
[415]

LaTeX Font Warning: Font shape `TU/lmtt/bx/it' in size <10> not available
(Font)              Font shape `TU/lmtt/b/sl' tried instead on input line 42742
.


Underfull \vbox (badness 10000) detected at line 42823
 []


Overfull \vbox (1.40651pt too high) detected at line 42823
 []

LaTeX Info: Redefining \. on input line 42823.
LaTeX Info: Redefining \% on input line 42823.
LaTeX Info: Redefining \. on input line 42823.
LaTeX Info: Redefining \% on input line 42823.
[416]
Underfull \vbox (badness 10000) detected at line 42823
 []


Underfull \vbox (badness 10000) detected at line 42823
 []

LaTeX Info: Redefining \. on input line 42823.
LaTeX Info: Redefining \% on input line 42823.
LaTeX Info: Redefining \. on input line 42823.
LaTeX Info: Redefining \% on input line 42823.
[417]
Underfull \vbox (badness 10000) detected at line 42891
 []


Overfull \vbox (2.13649pt too high) detected at line 42891
 []

LaTeX Info: Redefining \. on input line 42891.
LaTeX Info: Redefining \% on input line 42891.
LaTeX Info: Redefining \. on input line 42891.
LaTeX Info: Redefining \% on input line 42891.
[418]
LaTeX Info: Redefining \. on input line 42929.
LaTeX Info: Redefining \% on input line 42929.
LaTeX Info: Redefining \. on input line 42929.
LaTeX Info: Redefining \% on input line 42929.
[419]
File: PortafolioDLPF_pdf_files/figure-latex/unnamed-chunk-1149-1.pdf Graphic fi
le (type pdf)
<use PortafolioDLPF_pdf_files/figure-latex/unnamed-chunk-1149-1.pdf>
File: PortafolioDLPF_pdf_files/figure-latex/unnamed-chunk-1150-1.pdf Graphic fi
le (type pdf)
<use PortafolioDLPF_pdf_files/figure-latex/unnamed-chunk-1150-1.pdf>

Underfull \vbox (badness 4441) has occurred while \output is active []

LaTeX Info: Redefining \. on input line 42976.
LaTeX Info: Redefining \% on input line 42976.
LaTeX Info: Redefining \. on input line 42976.
LaTeX Info: Redefining \% on input line 42976.
[420]
LaTeX Info: Redefining \. on input line 43020.
LaTeX Info: Redefining \% on input line 43020.
LaTeX Info: Redefining \. on input line 43020.
LaTeX Info: Redefining \% on input line 43020.
[421]
File: PortafolioDLPF_pdf_files/figure-latex/unnamed-chunk-1154-1.pdf Graphic fi
le (type pdf)
<use PortafolioDLPF_pdf_files/figure-latex/unnamed-chunk-1154-1.pdf>
LaTeX Info: Redefining \. on input line 43058.
LaTeX Info: Redefining \% on input line 43058.
LaTeX Info: Redefining \. on input line 43058.
LaTeX Info: Redefining \% on input line 43058.
[422]
File: PortafolioDLPF_pdf_files/figure-latex/unnamed-chunk-1155-1.pdf Graphic fi
le (type pdf)
<use PortafolioDLPF_pdf_files/figure-latex/unnamed-chunk-1155-1.pdf>
LaTeX Info: Redefining \. on input line 43112.
LaTeX Info: Redefining \% on input line 43112.
LaTeX Info: Redefining \. on input line 43112.
LaTeX Info: Redefining \% on input line 43112.
[423]
File: PortafolioDLPF_pdf_files/figure-latex/unnamed-chunk-1159-1.pdf Graphic fi
le (type pdf)
<use PortafolioDLPF_pdf_files/figure-latex/unnamed-chunk-1159-1.pdf>
File: PortafolioDLPF_pdf_files/figure-latex/unnamed-chunk-1160-1.pdf Graphic fi
le (type pdf)
<use PortafolioDLPF_pdf_files/figure-latex/unnamed-chunk-1160-1.pdf>

Underfull \vbox (badness 10000) has occurred while \output is active []

LaTeX Info: Redefining \. on input line 43149.
LaTeX Info: Redefining \% on input line 43149.
LaTeX Info: Redefining \. on input line 43149.
LaTeX Info: Redefining \% on input line 43149.
[424]
LaTeX Info: Redefining \. on input line 43194.
LaTeX Info: Redefining \% on input line 43194.
LaTeX Info: Redefining \. on input line 43194.
LaTeX Info: Redefining \% on input line 43194.
[425]
File: PortafolioDLPF_pdf_files/figure-latex/unnamed-chunk-1164-1.pdf Graphic fi
le (type pdf)
<use PortafolioDLPF_pdf_files/figure-latex/unnamed-chunk-1164-1.pdf>
File: PortafolioDLPF_pdf_files/figure-latex/unnamed-chunk-1165-1.pdf Graphic fi
le (type pdf)
<use PortafolioDLPF_pdf_files/figure-latex/unnamed-chunk-1165-1.pdf>

Underfull \vbox (badness 10000) has occurred while \output is active []

LaTeX Info: Redefining \. on input line 43230.
LaTeX Info: Redefining \% on input line 43230.
LaTeX Info: Redefining \. on input line 43230.
LaTeX Info: Redefining \% on input line 43230.
[426]
LaTeX Info: Redefining \. on input line 43280.
LaTeX Info: Redefining \% on input line 43280.
LaTeX Info: Redefining \. on input line 43280.
LaTeX Info: Redefining \% on input line 43280.
[427]
File: PortafolioDLPF_pdf_files/figure-latex/unnamed-chunk-1169-1.pdf Graphic fi
le (type pdf)
<use PortafolioDLPF_pdf_files/figure-latex/unnamed-chunk-1169-1.pdf>
File: PortafolioDLPF_pdf_files/figure-latex/unnamed-chunk-1170-1.pdf Graphic fi
le (type pdf)
<use PortafolioDLPF_pdf_files/figure-latex/unnamed-chunk-1170-1.pdf>

Underfull \vbox (badness 10000) has occurred while \output is active []

LaTeX Info: Redefining \. on input line 43316.
LaTeX Info: Redefining \% on input line 43316.
LaTeX Info: Redefining \. on input line 43316.
LaTeX Info: Redefining \% on input line 43316.
[428]
File: Secante1-3_1.jpg Graphic file (type bmp)
<Secante1-3_1.jpg>
File: Secante3_2-7_1.jpg Graphic file (type bmp)
<Secante3_2-7_1.jpg>
File: Secante7_2jpg.jpg Graphic file (type bmp)
<Secante7_2jpg.jpg>
Missing character: There is no ₖ (U+2096) in font [lmmono10-regular]:!
Missing character: There is no ₋ (U+208B) in font [lmmono10-regular]:!
Missing character: There is no ₁ (U+2081) in font [lmmono10-regular]:!
Missing character: There is no ₖ (U+2096) in font [lmmono10-regular]:!
Missing character: There is no ₖ (U+2096) in font [lmmono10-regular]:!
Missing character: There is no ₖ (U+2096) in font [lmmono10-regular]:!
Missing character: There is no ₊ (U+208A) in font [lmmono10-regular]:!
Missing character: There is no ₁ (U+2081) in font [lmmono10-regular]:!
Missing character: There is no ₖ (U+2096) in font [lmmono10-regular]:!
Missing character: There is no ₖ (U+2096) in font [lmmono10-regular]:!
Missing character: There is no ₊ (U+208A) in font [lmmono10-regular]:!
Missing character: There is no ₁ (U+2081) in font [lmmono10-regular]:!
Missing character: There is no ₖ (U+2096) in font [lmmono10-regular]:!
LaTeX Info: Redefining \. on input line 43411.
LaTeX Info: Redefining \% on input line 43411.
LaTeX Info: Redefining \. on input line 43411.
LaTeX Info: Redefining \% on input line 43411.
[429]
LaTeX Info: Redefining \. on input line 43411.
LaTeX Info: Redefining \% on input line 43411.
LaTeX Info: Redefining \. on input line 43411.
LaTeX Info: Redefining \% on input line 43411.
[430]
LaTeX Info: Redefining \. on input line 43411.
LaTeX Info: Redefining \% on input line 43411.
LaTeX Info: Redefining \. on input line 43411.
LaTeX Info: Redefining \% on input line 43411.
[431]
LaTeX Info: Redefining \. on input line 43411.
LaTeX Info: Redefining \% on input line 43411.
LaTeX Info: Redefining \. on input line 43411.
LaTeX Info: Redefining \% on input line 43411.
[432]
Underfull \vbox (badness 10000) detected at line 43440
 []


Underfull \vbox (badness 10000) has occurred while \output is active []

LaTeX Info: Redefining \. on input line 43440.
LaTeX Info: Redefining \% on input line 43440.
LaTeX Info: Redefining \. on input line 43440.
LaTeX Info: Redefining \% on input line 43440.
[433]
Underfull \vbox (badness 10000) detected at line 43519
 []


Underfull \vbox (badness 10000) has occurred while \output is active []

LaTeX Info: Redefining \. on input line 43519.
LaTeX Info: Redefining \% on input line 43519.
LaTeX Info: Redefining \. on input line 43519.
LaTeX Info: Redefining \% on input line 43519.
[434]
LaTeX Info: Redefining \. on input line 43538.
LaTeX Info: Redefining \% on input line 43538.
LaTeX Info: Redefining \. on input line 43538.
LaTeX Info: Redefining \% on input line 43538.
[435]
File: PortafolioDLPF_pdf_files/figure-latex/unnamed-chunk-1177-1.pdf Graphic fi
le (type pdf)
<use PortafolioDLPF_pdf_files/figure-latex/unnamed-chunk-1177-1.pdf>
LaTeX Info: Redefining \. on input line 43579.
LaTeX Info: Redefining \% on input line 43579.
LaTeX Info: Redefining \. on input line 43579.
LaTeX Info: Redefining \% on input line 43579.
[436]
File: PortafolioDLPF_pdf_files/figure-latex/unnamed-chunk-1178-1.pdf Graphic fi
le (type pdf)
<use PortafolioDLPF_pdf_files/figure-latex/unnamed-chunk-1178-1.pdf>
LaTeX Info: Redefining \. on input line 43639.
LaTeX Info: Redefining \% on input line 43639.
LaTeX Info: Redefining \. on input line 43639.
LaTeX Info: Redefining \% on input line 43639.
[437]
File: PortafolioDLPF_pdf_files/figure-latex/unnamed-chunk-1181-1.pdf Graphic fi
le (type pdf)
<use PortafolioDLPF_pdf_files/figure-latex/unnamed-chunk-1181-1.pdf>
LaTeX Info: Redefining \. on input line 43680.
LaTeX Info: Redefining \% on input line 43680.
LaTeX Info: Redefining \. on input line 43680.
LaTeX Info: Redefining \% on input line 43680.
[438]
File: PortafolioDLPF_pdf_files/figure-latex/unnamed-chunk-1182-1.pdf Graphic fi
le (type pdf)
<use PortafolioDLPF_pdf_files/figure-latex/unnamed-chunk-1182-1.pdf>
LaTeX Info: Redefining \. on input line 43740.
LaTeX Info: Redefining \% on input line 43740.
LaTeX Info: Redefining \. on input line 43740.
LaTeX Info: Redefining \% on input line 43740.
[439]
File: PortafolioDLPF_pdf_files/figure-latex/unnamed-chunk-1185-1.pdf Graphic fi
le (type pdf)
<use PortafolioDLPF_pdf_files/figure-latex/unnamed-chunk-1185-1.pdf>
LaTeX Info: Redefining \. on input line 43781.
LaTeX Info: Redefining \% on input line 43781.
LaTeX Info: Redefining \. on input line 43781.
LaTeX Info: Redefining \% on input line 43781.
[440]
File: PortafolioDLPF_pdf_files/figure-latex/unnamed-chunk-1186-1.pdf Graphic fi
le (type pdf)
<use PortafolioDLPF_pdf_files/figure-latex/unnamed-chunk-1186-1.pdf>
LaTeX Info: Redefining \. on input line 43841.
LaTeX Info: Redefining \% on input line 43841.
LaTeX Info: Redefining \. on input line 43841.
LaTeX Info: Redefining \% on input line 43841.
[441]
File: PortafolioDLPF_pdf_files/figure-latex/unnamed-chunk-1189-1.pdf Graphic fi
le (type pdf)
<use PortafolioDLPF_pdf_files/figure-latex/unnamed-chunk-1189-1.pdf>
LaTeX Info: Redefining \. on input line 43882.
LaTeX Info: Redefining \% on input line 43882.
LaTeX Info: Redefining \. on input line 43882.
LaTeX Info: Redefining \% on input line 43882.
[442]
File: PortafolioDLPF_pdf_files/figure-latex/unnamed-chunk-1190-1.pdf Graphic fi
le (type pdf)
<use PortafolioDLPF_pdf_files/figure-latex/unnamed-chunk-1190-1.pdf>
LaTeX Info: Redefining \. on input line 43936.
LaTeX Info: Redefining \% on input line 43936.
LaTeX Info: Redefining \. on input line 43936.
LaTeX Info: Redefining \% on input line 43936.
[443]
File: PortafolioDLPF_pdf_files/figure-latex/unnamed-chunk-1193-1.pdf Graphic fi
le (type pdf)
<use PortafolioDLPF_pdf_files/figure-latex/unnamed-chunk-1193-1.pdf>

Underfull \vbox (badness 10000) has occurred while \output is active []

LaTeX Info: Redefining \. on input line 43985.
LaTeX Info: Redefining \% on input line 43985.
LaTeX Info: Redefining \. on input line 43985.
LaTeX Info: Redefining \% on input line 43985.
[444]
File: PortafolioDLPF_pdf_files/figure-latex/unnamed-chunk-1194-1.pdf Graphic fi
le (type pdf)
<use PortafolioDLPF_pdf_files/figure-latex/unnamed-chunk-1194-1.pdf>

Underfull \vbox (badness 10000) has occurred while \output is active []

LaTeX Info: Redefining \. on input line 44028.
LaTeX Info: Redefining \% on input line 44028.
LaTeX Info: Redefining \. on input line 44028.
LaTeX Info: Redefining \% on input line 44028.
[445]
File: Newton2_1.jpg Graphic file (type bmp)
<Newton2_1.jpg>
File: Newton2-4-8.jpg Graphic file (type bmp)
<Newton2-4-8.jpg>

LaTeX Warning: Float too large for page by 24.07437pt on input line 44042.

File: Newton8_2.jpg Graphic file (type bmp)
<Newton8_2.jpg>
LaTeX Info: Redefining \. on input line 44104.
LaTeX Info: Redefining \% on input line 44104.
LaTeX Info: Redefining \. on input line 44104.
LaTeX Info: Redefining \% on input line 44104.
[446]
Underfull \vbox (badness 10000) detected at line 44104
 []


Underfull \vbox (badness 10000) detected at line 44104
 []

LaTeX Info: Redefining \. on input line 44104.
LaTeX Info: Redefining \% on input line 44104.
LaTeX Info: Redefining \. on input line 44104.
LaTeX Info: Redefining \% on input line 44104.
[447]
LaTeX Info: Redefining \. on input line 44104.
LaTeX Info: Redefining \% on input line 44104.
LaTeX Info: Redefining \. on input line 44104.
LaTeX Info: Redefining \% on input line 44104.
[448]
Missing character: There is no ₖ (U+2096) in font [lmmono10-regular]:!
Missing character: There is no ₖ (U+2096) in font [lmmono10-regular]:!
Missing character: There is no ₖ (U+2096) in font [lmmono10-regular]:!
Missing character: There is no ₖ (U+2096) in font [lmmono10-regular]:!
Missing character: There is no ₖ (U+2096) in font [lmmono10-regular]:!
Missing character: There is no ₊ (U+208A) in font [lmmono10-regular]:!
Missing character: There is no ₁ (U+2081) in font [lmmono10-regular]:!
Missing character: There is no ₖ (U+2096) in font [lmmono10-regular]:!

Underfull \vbox (badness 10000) detected at line 44172
 []


Underfull \vbox (badness 10000) has occurred while \output is active []

LaTeX Info: Redefining \. on input line 44172.
LaTeX Info: Redefining \% on input line 44172.
LaTeX Info: Redefining \. on input line 44172.
LaTeX Info: Redefining \% on input line 44172.
[449]
Underfull \vbox (badness 10000) detected at line 44201
 []


Overfull \vbox (0.55652pt too high) detected at line 44201
 []

LaTeX Info: Redefining \. on input line 44201.
LaTeX Info: Redefining \% on input line 44201.
LaTeX Info: Redefining \. on input line 44201.
LaTeX Info: Redefining \% on input line 44201.
[450]
Underfull \vbox (badness 10000) detected at line 44260
 []


Underfull \vbox (badness 10000) has occurred while \output is active []

LaTeX Info: Redefining \. on input line 44260.
LaTeX Info: Redefining \% on input line 44260.
LaTeX Info: Redefining \. on input line 44260.
LaTeX Info: Redefining \% on input line 44260.
[451]
LaTeX Info: Redefining \. on input line 44331.
LaTeX Info: Redefining \% on input line 44331.
LaTeX Info: Redefining \. on input line 44331.
LaTeX Info: Redefining \% on input line 44331.
[452]
File: PortafolioDLPF_pdf_files/figure-latex/unnamed-chunk-1202-1.pdf Graphic fi
le (type pdf)
<use PortafolioDLPF_pdf_files/figure-latex/unnamed-chunk-1202-1.pdf>
File: PortafolioDLPF_pdf_files/figure-latex/unnamed-chunk-1203-1.pdf Graphic fi
le (type pdf)
<use PortafolioDLPF_pdf_files/figure-latex/unnamed-chunk-1203-1.pdf>

Underfull \vbox (badness 10000) has occurred while \output is active []

LaTeX Info: Redefining \. on input line 44352.
LaTeX Info: Redefining \% on input line 44352.
LaTeX Info: Redefining \. on input line 44352.
LaTeX Info: Redefining \% on input line 44352.
[453]
LaTeX Info: Redefining \. on input line 44397.
LaTeX Info: Redefining \% on input line 44397.
LaTeX Info: Redefining \. on input line 44397.
LaTeX Info: Redefining \% on input line 44397.
[454]
File: PortafolioDLPF_pdf_files/figure-latex/unnamed-chunk-1207-1.pdf Graphic fi
le (type pdf)
<use PortafolioDLPF_pdf_files/figure-latex/unnamed-chunk-1207-1.pdf>
LaTeX Info: Redefining \. on input line 44439.
LaTeX Info: Redefining \% on input line 44439.
LaTeX Info: Redefining \. on input line 44439.
LaTeX Info: Redefining \% on input line 44439.
[455]
File: PortafolioDLPF_pdf_files/figure-latex/unnamed-chunk-1208-1.pdf Graphic fi
le (type pdf)
<use PortafolioDLPF_pdf_files/figure-latex/unnamed-chunk-1208-1.pdf>
LaTeX Info: Redefining \. on input line 44485.
LaTeX Info: Redefining \% on input line 44485.
LaTeX Info: Redefining \. on input line 44485.
LaTeX Info: Redefining \% on input line 44485.
[456]
File: PortafolioDLPF_pdf_files/figure-latex/unnamed-chunk-1212-1.pdf Graphic fi
le (type pdf)
<use PortafolioDLPF_pdf_files/figure-latex/unnamed-chunk-1212-1.pdf>
File: PortafolioDLPF_pdf_files/figure-latex/unnamed-chunk-1213-1.pdf Graphic fi
le (type pdf)
<use PortafolioDLPF_pdf_files/figure-latex/unnamed-chunk-1213-1.pdf>

Underfull \vbox (badness 6173) has occurred while \output is active []

LaTeX Info: Redefining \. on input line 44528.
LaTeX Info: Redefining \% on input line 44528.
LaTeX Info: Redefining \. on input line 44528.
LaTeX Info: Redefining \% on input line 44528.
[457]
LaTeX Info: Redefining \. on input line 44567.
LaTeX Info: Redefining \% on input line 44567.
LaTeX Info: Redefining \. on input line 44567.
LaTeX Info: Redefining \% on input line 44567.
[458]
File: PortafolioDLPF_pdf_files/figure-latex/unnamed-chunk-1217-1.pdf Graphic fi
le (type pdf)
<use PortafolioDLPF_pdf_files/figure-latex/unnamed-chunk-1217-1.pdf>
File: PortafolioDLPF_pdf_files/figure-latex/unnamed-chunk-1218-1.pdf Graphic fi
le (type pdf)
<use PortafolioDLPF_pdf_files/figure-latex/unnamed-chunk-1218-1.pdf>

Underfull \vbox (badness 10000) has occurred while \output is active []

LaTeX Info: Redefining \. on input line 44608.
LaTeX Info: Redefining \% on input line 44608.
LaTeX Info: Redefining \. on input line 44608.
LaTeX Info: Redefining \% on input line 44608.
[459]
LaTeX Info: Redefining \. on input line 44650.
LaTeX Info: Redefining \% on input line 44650.
LaTeX Info: Redefining \. on input line 44650.
LaTeX Info: Redefining \% on input line 44650.
[460]
File: PortafolioDLPF_pdf_files/figure-latex/unnamed-chunk-1222-1.pdf Graphic fi
le (type pdf)
<use PortafolioDLPF_pdf_files/figure-latex/unnamed-chunk-1222-1.pdf>
LaTeX Info: Redefining \. on input line 44688.
LaTeX Info: Redefining \% on input line 44688.
LaTeX Info: Redefining \. on input line 44688.
LaTeX Info: Redefining \% on input line 44688.
[461]
File: PortafolioDLPF_pdf_files/figure-latex/unnamed-chunk-1223-1.pdf Graphic fi
le (type pdf)
<use PortafolioDLPF_pdf_files/figure-latex/unnamed-chunk-1223-1.pdf>
File: Punto9.jpg Graphic file (type bmp)
<Punto9.jpg>
File: Punto11-4.jpg Graphic file (type bmp)
<Punto11-4.jpg>

LaTeX Warning: Float too large for page by 11.24902pt on input line 44710.

Missing character: There is no ₖ (U+2096) in font [lmmono10-regular]:!
Missing character: There is no ₖ (U+2096) in font [lmmono10-regular]:!
Missing character: There is no ₖ (U+2096) in font [lmmono10-regular]:!
Missing character: There is no ₊ (U+208A) in font [lmmono10-regular]:!
Missing character: There is no ₁ (U+2081) in font [lmmono10-regular]:!
Missing character: There is no ₖ (U+2096) in font [lmmono10-regular]:!
Missing character: There is no ₖ (U+2096) in font [lmmono10-regular]:!
Missing character: There is no ₊ (U+208A) in font [lmmono10-regular]:!
Missing character: There is no ₁ (U+2081) in font [lmmono10-regular]:!
Missing character: There is no ₖ (U+2096) in font [lmmono10-regular]:!
LaTeX Info: Redefining \. on input line 44770.
LaTeX Info: Redefining \% on input line 44770.
LaTeX Info: Redefining \. on input line 44770.
LaTeX Info: Redefining \% on input line 44770.
[462]
LaTeX Info: Redefining \. on input line 44770.
LaTeX Info: Redefining \% on input line 44770.
LaTeX Info: Redefining \. on input line 44770.
LaTeX Info: Redefining \% on input line 44770.
[463]
LaTeX Info: Redefining \. on input line 44770.
LaTeX Info: Redefining \% on input line 44770.
LaTeX Info: Redefining \. on input line 44770.
LaTeX Info: Redefining \% on input line 44770.
[464]
Underfull \vbox (badness 10000) detected at line 44799
 []


Underfull \vbox (badness 10000) has occurred while \output is active []

LaTeX Info: Redefining \. on input line 44799.
LaTeX Info: Redefining \% on input line 44799.
LaTeX Info: Redefining \. on input line 44799.
LaTeX Info: Redefining \% on input line 44799.
[465]
Underfull \vbox (badness 10000) has occurred while \output is active []

LaTeX Info: Redefining \. on input line 44850.
LaTeX Info: Redefining \% on input line 44850.
LaTeX Info: Redefining \. on input line 44850.
LaTeX Info: Redefining \% on input line 44850.
[466]
File: PortafolioDLPF_pdf_files/figure-latex/unnamed-chunk-1230-1.pdf Graphic fi
le (type pdf)
<use PortafolioDLPF_pdf_files/figure-latex/unnamed-chunk-1230-1.pdf>

Underfull \vbox (badness 10000) has occurred while \output is active []

LaTeX Info: Redefining \. on input line 44921.
LaTeX Info: Redefining \% on input line 44921.
LaTeX Info: Redefining \. on input line 44921.
LaTeX Info: Redefining \% on input line 44921.
[467]
File: PortafolioDLPF_pdf_files/figure-latex/unnamed-chunk-1231-1.pdf Graphic fi
le (type pdf)
<use PortafolioDLPF_pdf_files/figure-latex/unnamed-chunk-1231-1.pdf>

Underfull \vbox (badness 10000) has occurred while \output is active []

LaTeX Info: Redefining \. on input line 44933.
LaTeX Info: Redefining \% on input line 44933.
LaTeX Info: Redefining \. on input line 44933.
LaTeX Info: Redefining \% on input line 44933.
[468]
LaTeX Info: Redefining \. on input line 44978.
LaTeX Info: Redefining \% on input line 44978.
LaTeX Info: Redefining \. on input line 44978.
LaTeX Info: Redefining \% on input line 44978.
[469]
File: PortafolioDLPF_pdf_files/figure-latex/unnamed-chunk-1235-1.pdf Graphic fi
le (type pdf)
<use PortafolioDLPF_pdf_files/figure-latex/unnamed-chunk-1235-1.pdf>
File: PortafolioDLPF_pdf_files/figure-latex/unnamed-chunk-1236-1.pdf Graphic fi
le (type pdf)
<use PortafolioDLPF_pdf_files/figure-latex/unnamed-chunk-1236-1.pdf>

Underfull \vbox (badness 2310) has occurred while \output is active []

LaTeX Info: Redefining \. on input line 45025.
LaTeX Info: Redefining \% on input line 45025.
LaTeX Info: Redefining \. on input line 45025.
LaTeX Info: Redefining \% on input line 45025.
[470]
LaTeX Info: Redefining \. on input line 45070.
LaTeX Info: Redefining \% on input line 45070.
LaTeX Info: Redefining \. on input line 45070.
LaTeX Info: Redefining \% on input line 45070.
[471]
File: PortafolioDLPF_pdf_files/figure-latex/unnamed-chunk-1240-1.pdf Graphic fi
le (type pdf)
<use PortafolioDLPF_pdf_files/figure-latex/unnamed-chunk-1240-1.pdf>
File: PortafolioDLPF_pdf_files/figure-latex/unnamed-chunk-1241-1.pdf Graphic fi
le (type pdf)
<use PortafolioDLPF_pdf_files/figure-latex/unnamed-chunk-1241-1.pdf>

Underfull \vbox (badness 10000) has occurred while \output is active []

LaTeX Info: Redefining \. on input line 45113.
LaTeX Info: Redefining \% on input line 45113.
LaTeX Info: Redefining \. on input line 45113.
LaTeX Info: Redefining \% on input line 45113.
[472]
LaTeX Info: Redefining \. on input line 45158.
LaTeX Info: Redefining \% on input line 45158.
LaTeX Info: Redefining \. on input line 45158.
LaTeX Info: Redefining \% on input line 45158.
[473]
File: PortafolioDLPF_pdf_files/figure-latex/unnamed-chunk-1245-1.pdf Graphic fi
le (type pdf)
<use PortafolioDLPF_pdf_files/figure-latex/unnamed-chunk-1245-1.pdf>
File: PortafolioDLPF_pdf_files/figure-latex/unnamed-chunk-1246-1.pdf Graphic fi
le (type pdf)
<use PortafolioDLPF_pdf_files/figure-latex/unnamed-chunk-1246-1.pdf>

Underfull \vbox (badness 10000) has occurred while \output is active []

LaTeX Info: Redefining \. on input line 45200.
LaTeX Info: Redefining \% on input line 45200.
LaTeX Info: Redefining \. on input line 45200.
LaTeX Info: Redefining \% on input line 45200.
[474]
LaTeX Info: Redefining \. on input line 45245.
LaTeX Info: Redefining \% on input line 45245.
LaTeX Info: Redefining \. on input line 45245.
LaTeX Info: Redefining \% on input line 45245.
[475]
File: PortafolioDLPF_pdf_files/figure-latex/unnamed-chunk-1250-1.pdf Graphic fi
le (type pdf)
<use PortafolioDLPF_pdf_files/figure-latex/unnamed-chunk-1250-1.pdf>
File: PortafolioDLPF_pdf_files/figure-latex/unnamed-chunk-1251-1.pdf Graphic fi
le (type pdf)
<use PortafolioDLPF_pdf_files/figure-latex/unnamed-chunk-1251-1.pdf>

Underfull \vbox (badness 2310) has occurred while \output is active []

LaTeX Info: Redefining \. on input line 45291.
LaTeX Info: Redefining \% on input line 45291.
LaTeX Info: Redefining \. on input line 45291.
LaTeX Info: Redefining \% on input line 45291.
[476]
File: Inter1a.jpg Graphic file (type bmp)
<Inter1a.jpg>
File: Inter1b.jpg Graphic file (type bmp)
<Inter1b.jpg>
File: Inter1c.jpg Graphic file (type bmp)
<Inter1c.jpg>
File: Inter12a.jpg Graphic file (type bmp)
<Inter12a.jpg>
File: Inter12a2.jpg Graphic file (type bmp)
<Inter12a2.jpg>

Overfull \hbox (180.39005pt too wide) in paragraph at lines 45332--45334
[] []|\TU/lmr/bx/n/10 2.5.1.2.1. $[][]$ Polinomio interpolante grado 3[] []
 []


Underfull \vbox (badness 10000) has occurred while \output is active []

LaTeX Info: Redefining \. on input line 45335.
LaTeX Info: Redefining \% on input line 45335.
LaTeX Info: Redefining \. on input line 45335.
LaTeX Info: Redefining \% on input line 45335.
[477]
LaTeX Info: Redefining \. on input line 45335.
LaTeX Info: Redefining \% on input line 45335.
LaTeX Info: Redefining \. on input line 45335.
LaTeX Info: Redefining \% on input line 45335.
[478]
LaTeX Info: Redefining \. on input line 45335.
LaTeX Info: Redefining \% on input line 45335.
LaTeX Info: Redefining \. on input line 45335.
LaTeX Info: Redefining \% on input line 45335.
[479]
File: Inter12b.jpg Graphic file (type bmp)
<Inter12b.jpg>
File: Inter12c.jpg Graphic file (type bmp)
<Inter12c.jpg>
File: Inter12d.jpg Graphic file (type bmp)
<Inter12d.jpg>
File: Inter13a.jpg Graphic file (type bmp)
<Inter13a.jpg>
LaTeX Info: Redefining \. on input line 45370.
LaTeX Info: Redefining \% on input line 45370.
LaTeX Info: Redefining \. on input line 45370.
LaTeX Info: Redefining \% on input line 45370.
[480]
File: Inter13b.jpg Graphic file (type bmp)
<Inter13b.jpg>
File: Inter13c.jpg Graphic file (type bmp)
<Inter13c.jpg>
File: Inter21a.jpg Graphic file (type bmp)
<Inter21a.jpg>
File: Inter21b.jpg Graphic file (type bmp)
<Inter21b.jpg>
File: Inter21b2.jpg Graphic file (type bmp)
<Inter21b2.jpg>
File: Inter21c.jpg Graphic file (type bmp)
<Inter21c.jpg>
File: Inter22a.jpg Graphic file (type bmp)
<Inter22a.jpg>
File: Inter22b.jpg Graphic file (type bmp)
<Inter22b.jpg>
File: Inter22c.jpg Graphic file (type bmp)
<Inter22c.jpg>
LaTeX Info: Redefining \. on input line 45454.
LaTeX Info: Redefining \% on input line 45454.
LaTeX Info: Redefining \. on input line 45454.
LaTeX Info: Redefining \% on input line 45454.
[481]
LaTeX Info: Redefining \. on input line 45454.
LaTeX Info: Redefining \% on input line 45454.
LaTeX Info: Redefining \. on input line 45454.
LaTeX Info: Redefining \% on input line 45454.
[482]
LaTeX Info: Redefining \. on input line 45454.
LaTeX Info: Redefining \% on input line 45454.
LaTeX Info: Redefining \. on input line 45454.
LaTeX Info: Redefining \% on input line 45454.
[483]
LaTeX Info: Redefining \. on input line 45454.
LaTeX Info: Redefining \% on input line 45454.
LaTeX Info: Redefining \. on input line 45454.
LaTeX Info: Redefining \% on input line 45454.
[484]
LaTeX Info: Redefining \. on input line 45454.
LaTeX Info: Redefining \% on input line 45454.
LaTeX Info: Redefining \. on input line 45454.
LaTeX Info: Redefining \% on input line 45454.
[485]
File: Inter23a.jpg Graphic file (type bmp)
<Inter23a.jpg>
File: Inter23b.jpg Graphic file (type bmp)
<Inter23b.jpg>
File: Inter23c.jpg Graphic file (type bmp)
<Inter23c.jpg>
File: Inter23c2.jpg Graphic file (type bmp)
<Inter23c2.jpg>
File: Inter23d.jpg Graphic file (type bmp)
<Inter23d.jpg>
File: Inter31.jpg Graphic file (type bmp)
<Inter31.jpg>
File: Inter32.jpg Graphic file (type bmp)
<Inter32.jpg>
LaTeX Info: Redefining \. on input line 45513.
LaTeX Info: Redefining \% on input line 45513.
LaTeX Info: Redefining \. on input line 45513.
LaTeX Info: Redefining \% on input line 45513.
[486]
LaTeX Info: Redefining \. on input line 45513.
LaTeX Info: Redefining \% on input line 45513.
LaTeX Info: Redefining \. on input line 45513.
LaTeX Info: Redefining \% on input line 45513.
[487]
LaTeX Info: Redefining \. on input line 45513.
LaTeX Info: Redefining \% on input line 45513.
LaTeX Info: Redefining \. on input line 45513.
LaTeX Info: Redefining \% on input line 45513.
[488]
File: Inter33.jpg Graphic file (type bmp)
<Inter33.jpg>
File: Inter34.jpg Graphic file (type bmp)
<Inter34.jpg>
File: Inter4.jpg Graphic file (type bmp)
<Inter4.jpg>

Underfull \vbox (badness 10000) has occurred while \output is active []

LaTeX Info: Redefining \. on input line 45546.
LaTeX Info: Redefining \% on input line 45546.
LaTeX Info: Redefining \. on input line 45546.
LaTeX Info: Redefining \% on input line 45546.
[489]
LaTeX Info: Redefining \. on input line 45618.
LaTeX Info: Redefining \% on input line 45618.
LaTeX Info: Redefining \. on input line 45618.
LaTeX Info: Redefining \% on input line 45618.
[490]
LaTeX Info: Redefining \. on input line 45618.
LaTeX Info: Redefining \% on input line 45618.
LaTeX Info: Redefining \. on input line 45618.
LaTeX Info: Redefining \% on input line 45618.
[491]
LaTeX Info: Redefining \. on input line 45719.
LaTeX Info: Redefining \% on input line 45719.
LaTeX Info: Redefining \. on input line 45719.
LaTeX Info: Redefining \% on input line 45719.
[492]
LaTeX Info: Redefining \. on input line 45867.
LaTeX Info: Redefining \% on input line 45867.
LaTeX Info: Redefining \. on input line 45867.
LaTeX Info: Redefining \% on input line 45867.
[493]
LaTeX Info: Redefining \. on input line 46003.
LaTeX Info: Redefining \% on input line 46003.
LaTeX Info: Redefining \. on input line 46003.
LaTeX Info: Redefining \% on input line 46003.
[494]
LaTeX Info: Redefining \. on input line 46156.
LaTeX Info: Redefining \% on input line 46156.
LaTeX Info: Redefining \. on input line 46156.
LaTeX Info: Redefining \% on input line 46156.
[495]
LaTeX Info: Redefining \. on input line 46301.
LaTeX Info: Redefining \% on input line 46301.
LaTeX Info: Redefining \. on input line 46301.
LaTeX Info: Redefining \% on input line 46301.
[496]
LaTeX Info: Redefining \. on input line 46413.
LaTeX Info: Redefining \% on input line 46413.
LaTeX Info: Redefining \. on input line 46413.
LaTeX Info: Redefining \% on input line 46413.
[497]
LaTeX Info: Redefining \. on input line 46505.
LaTeX Info: Redefining \% on input line 46505.
LaTeX Info: Redefining \. on input line 46505.
LaTeX Info: Redefining \% on input line 46505.
[498]
Underfull \vbox (badness 6332) has occurred while \output is active []

LaTeX Info: Redefining \. on input line 46602.
LaTeX Info: Redefining \% on input line 46602.
LaTeX Info: Redefining \. on input line 46602.
LaTeX Info: Redefining \% on input line 46602.
[499]
LaTeX Info: Redefining \. on input line 46699.
LaTeX Info: Redefining \% on input line 46699.
LaTeX Info: Redefining \. on input line 46699.
LaTeX Info: Redefining \% on input line 46699.
[500]
LaTeX Info: Redefining \. on input line 46814.
LaTeX Info: Redefining \% on input line 46814.
LaTeX Info: Redefining \. on input line 46814.
LaTeX Info: Redefining \% on input line 46814.
[501]
Overfull \hbox (17.16602pt too wide) in paragraph at lines 46825--46830
\TU/lmr/m/n/10 posteriormente obtendremos una muestra de tamaño 500 con el coma
ndo sample(datos_origen,tamaño_de_la_muestra)
 []

LaTeX Info: Redefining \. on input line 47464.
LaTeX Info: Redefining \% on input line 47464.
LaTeX Info: Redefining \. on input line 47464.
LaTeX Info: Redefining \% on input line 47464.
[502]
Underfull \vbox (badness 10000) has occurred while \output is active []

LaTeX Info: Redefining \. on input line 47464.
LaTeX Info: Redefining \% on input line 47464.
LaTeX Info: Redefining \. on input line 47464.
LaTeX Info: Redefining \% on input line 47464.
[503]
Underfull \vbox (badness 10000) has occurred while \output is active []

LaTeX Info: Redefining \. on input line 47464.
LaTeX Info: Redefining \% on input line 47464.
LaTeX Info: Redefining \. on input line 47464.
LaTeX Info: Redefining \% on input line 47464.
[504]
Underfull \vbox (badness 10000) has occurred while \output is active []

LaTeX Info: Redefining \. on input line 47464.
LaTeX Info: Redefining \% on input line 47464.
LaTeX Info: Redefining \. on input line 47464.
LaTeX Info: Redefining \% on input line 47464.
[505]
Underfull \vbox (badness 10000) has occurred while \output is active []

LaTeX Info: Redefining \. on input line 47464.
LaTeX Info: Redefining \% on input line 47464.
LaTeX Info: Redefining \. on input line 47464.
LaTeX Info: Redefining \% on input line 47464.
[506]
Underfull \vbox (badness 10000) has occurred while \output is active []

LaTeX Info: Redefining \. on input line 47464.
LaTeX Info: Redefining \% on input line 47464.
LaTeX Info: Redefining \. on input line 47464.
LaTeX Info: Redefining \% on input line 47464.
[507]
Underfull \vbox (badness 10000) has occurred while \output is active []

LaTeX Info: Redefining \. on input line 47464.
LaTeX Info: Redefining \% on input line 47464.
LaTeX Info: Redefining \. on input line 47464.
LaTeX Info: Redefining \% on input line 47464.
[508]
Underfull \vbox (badness 10000) has occurred while \output is active []

LaTeX Info: Redefining \. on input line 47464.
LaTeX Info: Redefining \% on input line 47464.
LaTeX Info: Redefining \. on input line 47464.
LaTeX Info: Redefining \% on input line 47464.
[509]
Underfull \vbox (badness 10000) has occurred while \output is active []

LaTeX Info: Redefining \. on input line 47464.
LaTeX Info: Redefining \% on input line 47464.
LaTeX Info: Redefining \. on input line 47464.
LaTeX Info: Redefining \% on input line 47464.
[510]
Underfull \vbox (badness 10000) has occurred while \output is active []

LaTeX Info: Redefining \. on input line 47464.
LaTeX Info: Redefining \% on input line 47464.
LaTeX Info: Redefining \. on input line 47464.
LaTeX Info: Redefining \% on input line 47464.
[511]
Underfull \vbox (badness 10000) has occurred while \output is active []

LaTeX Info: Redefining \. on input line 47464.
LaTeX Info: Redefining \% on input line 47464.
LaTeX Info: Redefining \. on input line 47464.
LaTeX Info: Redefining \% on input line 47464.
[512]
Underfull \vbox (badness 10000) has occurred while \output is active []

LaTeX Info: Redefining \. on input line 47464.
LaTeX Info: Redefining \% on input line 47464.
LaTeX Info: Redefining \. on input line 47464.
LaTeX Info: Redefining \% on input line 47464.
[513]
Underfull \vbox (badness 10000) has occurred while \output is active []

LaTeX Info: Redefining \. on input line 48029.
LaTeX Info: Redefining \% on input line 48029.
LaTeX Info: Redefining \. on input line 48029.
LaTeX Info: Redefining \% on input line 48029.
[514]
Underfull \vbox (badness 10000) has occurred while \output is active []

LaTeX Info: Redefining \. on input line 48029.
LaTeX Info: Redefining \% on input line 48029.
LaTeX Info: Redefining \. on input line 48029.
LaTeX Info: Redefining \% on input line 48029.
[515]
Underfull \vbox (badness 10000) has occurred while \output is active []

LaTeX Info: Redefining \. on input line 48029.
LaTeX Info: Redefining \% on input line 48029.
LaTeX Info: Redefining \. on input line 48029.
LaTeX Info: Redefining \% on input line 48029.
[516]
Underfull \vbox (badness 10000) has occurred while \output is active []

LaTeX Info: Redefining \. on input line 48029.
LaTeX Info: Redefining \% on input line 48029.
LaTeX Info: Redefining \. on input line 48029.
LaTeX Info: Redefining \% on input line 48029.
[517]
Underfull \vbox (badness 10000) has occurred while \output is active []

LaTeX Info: Redefining \. on input line 48029.
LaTeX Info: Redefining \% on input line 48029.
LaTeX Info: Redefining \. on input line 48029.
LaTeX Info: Redefining \% on input line 48029.
[518]
Underfull \vbox (badness 10000) has occurred while \output is active []

LaTeX Info: Redefining \. on input line 48029.
LaTeX Info: Redefining \% on input line 48029.
LaTeX Info: Redefining \. on input line 48029.
LaTeX Info: Redefining \% on input line 48029.
[519]
Underfull \vbox (badness 10000) has occurred while \output is active []

LaTeX Info: Redefining \. on input line 48029.
LaTeX Info: Redefining \% on input line 48029.
LaTeX Info: Redefining \. on input line 48029.
LaTeX Info: Redefining \% on input line 48029.
[520]
Underfull \vbox (badness 10000) has occurred while \output is active []

LaTeX Info: Redefining \. on input line 48029.
LaTeX Info: Redefining \% on input line 48029.
LaTeX Info: Redefining \. on input line 48029.
LaTeX Info: Redefining \% on input line 48029.
[521]
Underfull \vbox (badness 10000) has occurred while \output is active []

LaTeX Info: Redefining \. on input line 48029.
LaTeX Info: Redefining \% on input line 48029.
LaTeX Info: Redefining \. on input line 48029.
LaTeX Info: Redefining \% on input line 48029.
[522]
Underfull \vbox (badness 10000) has occurred while \output is active []

LaTeX Info: Redefining \. on input line 48029.
LaTeX Info: Redefining \% on input line 48029.
LaTeX Info: Redefining \. on input line 48029.
LaTeX Info: Redefining \% on input line 48029.
[523]
LaTeX Info: Redefining \. on input line 48031.
LaTeX Info: Redefining \% on input line 48031.
LaTeX Info: Redefining \. on input line 48031.
LaTeX Info: Redefining \% on input line 48031.
[524]
Underfull \vbox (badness 10000) has occurred while \output is active []

LaTeX Info: Redefining \. on input line 48088.
LaTeX Info: Redefining \% on input line 48088.
LaTeX Info: Redefining \. on input line 48088.
LaTeX Info: Redefining \% on input line 48088.
[525]
Underfull \vbox (badness 10000) has occurred while \output is active []

LaTeX Info: Redefining \. on input line 48722.
LaTeX Info: Redefining \% on input line 48722.
LaTeX Info: Redefining \. on input line 48722.
LaTeX Info: Redefining \% on input line 48722.
[526]
Underfull \vbox (badness 10000) has occurred while \output is active []

LaTeX Info: Redefining \. on input line 48722.
LaTeX Info: Redefining \% on input line 48722.
LaTeX Info: Redefining \. on input line 48722.
LaTeX Info: Redefining \% on input line 48722.
[527]
Underfull \vbox (badness 10000) has occurred while \output is active []

LaTeX Info: Redefining \. on input line 48722.
LaTeX Info: Redefining \% on input line 48722.
LaTeX Info: Redefining \. on input line 48722.
LaTeX Info: Redefining \% on input line 48722.
[528]
Underfull \vbox (badness 10000) has occurred while \output is active []

LaTeX Info: Redefining \. on input line 48722.
LaTeX Info: Redefining \% on input line 48722.
LaTeX Info: Redefining \. on input line 48722.
LaTeX Info: Redefining \% on input line 48722.
[529]
Underfull \vbox (badness 10000) has occurred while \output is active []

LaTeX Info: Redefining \. on input line 48722.
LaTeX Info: Redefining \% on input line 48722.
LaTeX Info: Redefining \. on input line 48722.
LaTeX Info: Redefining \% on input line 48722.
[530]
Underfull \vbox (badness 10000) has occurred while \output is active []

LaTeX Info: Redefining \. on input line 48722.
LaTeX Info: Redefining \% on input line 48722.
LaTeX Info: Redefining \. on input line 48722.
LaTeX Info: Redefining \% on input line 48722.
[531]
Underfull \vbox (badness 10000) has occurred while \output is active []

LaTeX Info: Redefining \. on input line 48722.
LaTeX Info: Redefining \% on input line 48722.
LaTeX Info: Redefining \. on input line 48722.
LaTeX Info: Redefining \% on input line 48722.
[532]
Underfull \vbox (badness 10000) has occurred while \output is active []

LaTeX Info: Redefining \. on input line 48722.
LaTeX Info: Redefining \% on input line 48722.
LaTeX Info: Redefining \. on input line 48722.
LaTeX Info: Redefining \% on input line 48722.
[533]
Underfull \vbox (badness 10000) has occurred while \output is active []

LaTeX Info: Redefining \. on input line 48722.
LaTeX Info: Redefining \% on input line 48722.
LaTeX Info: Redefining \. on input line 48722.
LaTeX Info: Redefining \% on input line 48722.
[534]
Underfull \vbox (badness 10000) has occurred while \output is active []

LaTeX Info: Redefining \. on input line 48722.
LaTeX Info: Redefining \% on input line 48722.
LaTeX Info: Redefining \. on input line 48722.
LaTeX Info: Redefining \% on input line 48722.
[535]
Underfull \vbox (badness 10000) has occurred while \output is active []

LaTeX Info: Redefining \. on input line 48722.
LaTeX Info: Redefining \% on input line 48722.
LaTeX Info: Redefining \. on input line 48722.
LaTeX Info: Redefining \% on input line 48722.
[536]
Underfull \vbox (badness 10000) has occurred while \output is active []

LaTeX Info: Redefining \. on input line 48722.
LaTeX Info: Redefining \% on input line 48722.
LaTeX Info: Redefining \. on input line 48722.
LaTeX Info: Redefining \% on input line 48722.
[537]
LaTeX Info: Redefining \. on input line 48850.
LaTeX Info: Redefining \% on input line 48850.
LaTeX Info: Redefining \. on input line 48850.
LaTeX Info: Redefining \% on input line 48850.
[538]
LaTeX Info: Redefining \. on input line 48935.
LaTeX Info: Redefining \% on input line 48935.
LaTeX Info: Redefining \. on input line 48935.
LaTeX Info: Redefining \% on input line 48935.
[539]
LaTeX Info: Redefining \. on input line 49040.
LaTeX Info: Redefining \% on input line 49040.
LaTeX Info: Redefining \. on input line 49040.
LaTeX Info: Redefining \% on input line 49040.
[540]
LaTeX Info: Redefining \. on input line 49131.
LaTeX Info: Redefining \% on input line 49131.
LaTeX Info: Redefining \. on input line 49131.
LaTeX Info: Redefining \% on input line 49131.
[541]
LaTeX Info: Redefining \. on input line 49214.
LaTeX Info: Redefining \% on input line 49214.
LaTeX Info: Redefining \. on input line 49214.
LaTeX Info: Redefining \% on input line 49214.
[542]
LaTeX Info: Redefining \. on input line 49291.
LaTeX Info: Redefining \% on input line 49291.
LaTeX Info: Redefining \. on input line 49291.
LaTeX Info: Redefining \% on input line 49291.
[543]
LaTeX Info: Redefining \. on input line 49380.
LaTeX Info: Redefining \% on input line 49380.
LaTeX Info: Redefining \. on input line 49380.
LaTeX Info: Redefining \% on input line 49380.
[544]
LaTeX Info: Redefining \. on input line 49522.
LaTeX Info: Redefining \% on input line 49522.
LaTeX Info: Redefining \. on input line 49522.
LaTeX Info: Redefining \% on input line 49522.
[545]
LaTeX Info: Redefining \. on input line 49642.
LaTeX Info: Redefining \% on input line 49642.
LaTeX Info: Redefining \. on input line 49642.
LaTeX Info: Redefining \% on input line 49642.
[546]
LaTeX Info: Redefining \. on input line 49776.
LaTeX Info: Redefining \% on input line 49776.
LaTeX Info: Redefining \. on input line 49776.
LaTeX Info: Redefining \% on input line 49776.
[547]
LaTeX Info: Redefining \. on input line 49880.
LaTeX Info: Redefining \% on input line 49880.
LaTeX Info: Redefining \. on input line 49880.
LaTeX Info: Redefining \% on input line 49880.
[548]
LaTeX Info: Redefining \. on input line 50013.
LaTeX Info: Redefining \% on input line 50013.
LaTeX Info: Redefining \. on input line 50013.
LaTeX Info: Redefining \% on input line 50013.
[549]
LaTeX Info: Redefining \. on input line 50104.
LaTeX Info: Redefining \% on input line 50104.
LaTeX Info: Redefining \. on input line 50104.
LaTeX Info: Redefining \% on input line 50104.
[550]
LaTeX Info: Redefining \. on input line 50249.
LaTeX Info: Redefining \% on input line 50249.
LaTeX Info: Redefining \. on input line 50249.
LaTeX Info: Redefining \% on input line 50249.
[551]
LaTeX Info: Redefining \. on input line 50391.
LaTeX Info: Redefining \% on input line 50391.
LaTeX Info: Redefining \. on input line 50391.
LaTeX Info: Redefining \% on input line 50391.
[552]
LaTeX Info: Redefining \. on input line 50475.
LaTeX Info: Redefining \% on input line 50475.
LaTeX Info: Redefining \. on input line 50475.
LaTeX Info: Redefining \% on input line 50475.
[553]
LaTeX Info: Redefining \. on input line 50615.
LaTeX Info: Redefining \% on input line 50615.
LaTeX Info: Redefining \. on input line 50615.
LaTeX Info: Redefining \% on input line 50615.
[554]
LaTeX Info: Redefining \. on input line 50710.
LaTeX Info: Redefining \% on input line 50710.
LaTeX Info: Redefining \. on input line 50710.
LaTeX Info: Redefining \% on input line 50710.
[555]
LaTeX Info: Redefining \. on input line 50813.
LaTeX Info: Redefining \% on input line 50813.
LaTeX Info: Redefining \. on input line 50813.
LaTeX Info: Redefining \% on input line 50813.
[556]
LaTeX Info: Redefining \. on input line 50939.
LaTeX Info: Redefining \% on input line 50939.
LaTeX Info: Redefining \. on input line 50939.
LaTeX Info: Redefining \% on input line 50939.
[557]
LaTeX Info: Redefining \. on input line 51066.
LaTeX Info: Redefining \% on input line 51066.
LaTeX Info: Redefining \. on input line 51066.
LaTeX Info: Redefining \% on input line 51066.
[558]
LaTeX Info: Redefining \. on input line 51199.
LaTeX Info: Redefining \% on input line 51199.
LaTeX Info: Redefining \. on input line 51199.
LaTeX Info: Redefining \% on input line 51199.
[559]
LaTeX Info: Redefining \. on input line 51327.
LaTeX Info: Redefining \% on input line 51327.
LaTeX Info: Redefining \. on input line 51327.
LaTeX Info: Redefining \% on input line 51327.
[560]
LaTeX Info: Redefining \. on input line 51452.
LaTeX Info: Redefining \% on input line 51452.
LaTeX Info: Redefining \. on input line 51452.
LaTeX Info: Redefining \% on input line 51452.
[561]
LaTeX Info: Redefining \. on input line 51582.
LaTeX Info: Redefining \% on input line 51582.
LaTeX Info: Redefining \. on input line 51582.
LaTeX Info: Redefining \% on input line 51582.
[562]
LaTeX Info: Redefining \. on input line 51703.
LaTeX Info: Redefining \% on input line 51703.
LaTeX Info: Redefining \. on input line 51703.
LaTeX Info: Redefining \% on input line 51703.
[563]
LaTeX Info: Redefining \. on input line 51836.
LaTeX Info: Redefining \% on input line 51836.
LaTeX Info: Redefining \. on input line 51836.
LaTeX Info: Redefining \% on input line 51836.
[564]
LaTeX Info: Redefining \. on input line 51964.
LaTeX Info: Redefining \% on input line 51964.
LaTeX Info: Redefining \. on input line 51964.
LaTeX Info: Redefining \% on input line 51964.
[565]
LaTeX Info: Redefining \. on input line 52089.
LaTeX Info: Redefining \% on input line 52089.
LaTeX Info: Redefining \. on input line 52089.
LaTeX Info: Redefining \% on input line 52089.
[566]
LaTeX Info: Redefining \. on input line 52219.
LaTeX Info: Redefining \% on input line 52219.
LaTeX Info: Redefining \. on input line 52219.
LaTeX Info: Redefining \% on input line 52219.
[567]
LaTeX Info: Redefining \. on input line 52340.
LaTeX Info: Redefining \% on input line 52340.
LaTeX Info: Redefining \. on input line 52340.
LaTeX Info: Redefining \% on input line 52340.
[568]
LaTeX Info: Redefining \. on input line 52473.
LaTeX Info: Redefining \% on input line 52473.
LaTeX Info: Redefining \. on input line 52473.
LaTeX Info: Redefining \% on input line 52473.
[569]
LaTeX Info: Redefining \. on input line 52601.
LaTeX Info: Redefining \% on input line 52601.
LaTeX Info: Redefining \. on input line 52601.
LaTeX Info: Redefining \% on input line 52601.
[570]
LaTeX Info: Redefining \. on input line 52726.
LaTeX Info: Redefining \% on input line 52726.
LaTeX Info: Redefining \. on input line 52726.
LaTeX Info: Redefining \% on input line 52726.
[571]
LaTeX Info: Redefining \. on input line 52856.
LaTeX Info: Redefining \% on input line 52856.
LaTeX Info: Redefining \. on input line 52856.
LaTeX Info: Redefining \% on input line 52856.
[572]
LaTeX Info: Redefining \. on input line 52977.
LaTeX Info: Redefining \% on input line 52977.
LaTeX Info: Redefining \. on input line 52977.
LaTeX Info: Redefining \% on input line 52977.
[573]
LaTeX Info: Redefining \. on input line 53268.
LaTeX Info: Redefining \% on input line 53268.
LaTeX Info: Redefining \. on input line 53268.
LaTeX Info: Redefining \% on input line 53268.
[574]
Underfull \vbox (badness 10000) has occurred while \output is active []

LaTeX Info: Redefining \. on input line 53268.
LaTeX Info: Redefining \% on input line 53268.
LaTeX Info: Redefining \. on input line 53268.
LaTeX Info: Redefining \% on input line 53268.
[575]
Underfull \vbox (badness 10000) has occurred while \output is active []

LaTeX Info: Redefining \. on input line 53268.
LaTeX Info: Redefining \% on input line 53268.
LaTeX Info: Redefining \. on input line 53268.
LaTeX Info: Redefining \% on input line 53268.
[576]
Underfull \vbox (badness 10000) has occurred while \output is active []

LaTeX Info: Redefining \. on input line 53268.
LaTeX Info: Redefining \% on input line 53268.
LaTeX Info: Redefining \. on input line 53268.
LaTeX Info: Redefining \% on input line 53268.
[577]
LaTeX Info: Redefining \. on input line 53309.
LaTeX Info: Redefining \% on input line 53309.
LaTeX Info: Redefining \. on input line 53309.
LaTeX Info: Redefining \% on input line 53309.
[578]
File: PortafolioDLPF_pdf_files/figure-latex/unnamed-chunk-1382-1.pdf Graphic fi
le (type pdf)
<use PortafolioDLPF_pdf_files/figure-latex/unnamed-chunk-1382-1.pdf>
! Missing $ inserted.
<inserted text> 
                $
l.53352 Definimos la función \(\textit{f_cubica}
                                                \) para evaluar nuestra cúbica 
Here is how much of TeX's memory you used:
 22139 strings out of 474773
 421157 string characters out of 5757723
 1971839 words of memory out of 5000000
 43893 multiletter control sequences out of 15000+600000
 564560 words of font info for 94 fonts, out of 8000000 for 9000
 1348 hyphenation exceptions out of 8191
 90i,12n,121p,1207b,1884s stack positions out of 10000i,1000n,20000p,200000b,200000s

Output written on PortafolioDLPF_pdf.pdf (582 pages).
